# This file uses centimeters as units for non-parametric coordinates.

v -0.697962 -1.586510 1.483909
v 0.697962 -1.586510 1.483909
v -1.226020 0.391019 0.579807
v 1.226020 0.391019 0.579807
v -1.145561 0.325122 0.149264
v 1.145561 0.325122 0.149264
v -0.697962 -1.719590 1.172619
v 0.697962 -1.719590 1.172619
v 1.521086 -0.788583 0.708748
v -1.521086 -0.788583 0.708748
v -1.670518 -0.676872 1.036709
v 1.670518 -0.676872 1.036709
v 0.766887 0.523428 -0.128876
v 1.012441 -0.824580 0.528341
v 1.044925 -0.676872 1.036709
v 0.766887 0.839325 0.651667
v -0.766887 0.523428 -0.128876
v -1.012441 -0.824580 0.528341
v -1.044925 -0.676872 1.036709
v -0.766887 0.839325 0.651667
v -0.849520 -0.676872 1.036709
v 0.849519 -0.676872 1.036709
v 0.847739 -1.201822 0.746028
v 0.901789 -1.042455 1.163554
v -0.901789 -1.042455 1.163556
v -0.847739 -1.201822 0.746028
v 0.665685 -1.219577 1.260856
v -0.665685 -1.219576 1.260857
v 0.766004 -0.759547 0.710379
v -0.766005 -0.759547 0.710379
v -0.773622 -1.015737 1.583257
v 0.773622 -1.015737 1.583257
v -0.702784 0.751009 0.864504
v 0.702784 0.751009 0.864504
v -0.739289 0.299126 -0.289958
v 0.739289 0.299126 -0.289958
v -0.864790 -0.831309 -0.371069
v 0.864790 -0.831309 -0.371069
v 0.500000 -0.788277 -0.790411
v -0.500000 -0.788277 -0.790411
v -0.864790 -0.343757 1.420947
v 0.864790 -0.343757 1.420947
v -1.090523 -1.520467 -0.808955
v 1.090523 -1.520467 -0.808955
v 1.090523 -1.411650 0.810299
v -1.090523 -1.411650 0.810299
v -1.090523 -1.847819 -0.494387
v 1.090523 -1.847819 -0.494387
v 1.208221 -1.764149 0.648636
v -1.208221 -1.764149 0.648636
v -1.140373 -1.435605 0.423788
v 1.208221 -1.785067 0.378795
v 1.140373 -1.435605 0.423788
v -1.208221 -1.785067 0.378795
v 0.652100 -1.816443 0.260672
v -0.652100 -1.816443 0.260672
v 1.090523 -1.832131 -0.141996
v -1.090523 -1.832131 -0.141996
v 1.090523 -1.249490 0.066110
v -1.090523 -1.249490 0.066110
v 1.090523 -1.218737 0.735274
v -1.090523 -1.218737 0.735273
v -0.000000 -1.043135 -0.339401
v 0.545262 -1.832131 -0.141996
v -0.545262 -1.832131 -0.141996
v 0.545262 -1.847819 -0.626928
v -0.545262 -1.847819 -0.626928
v -0.545262 -1.475589 -0.808955
v 0.545262 -1.475589 -0.808955
v 0.977656 -1.118906 -0.590012
v 0.254704 -1.165004 -0.590012
v -0.977656 -1.118906 -0.590012
v -0.254704 -1.165004 -0.590012
v 0.000000 -0.300219 -0.623511
v 0.864790 -0.481702 -0.474474
v -0.906086 -0.481702 -0.371069
v -0.412946 -1.841350 -0.496609
v 0.412946 -1.841350 -0.496609
v 0.000000 -1.841350 -0.705706
v 0.000000 -1.652148 -0.813463
v 0.206473 -1.279621 -0.524590
v -0.206473 -1.279621 -0.524590
v 0.000000 -1.477134 1.399191
v 0.000000 -1.610214 1.096945
v 0.000000 -1.207605 1.176138
v -0.000000 -1.201822 0.846028
v 0.174490 -1.719590 1.094697
v -0.174490 -1.719590 1.094697
v 0.174490 -1.586510 1.483909
v -0.174490 -1.586510 1.483909
v 0.000000 -0.693052 1.612864
v 0.000000 -0.961803 1.556711
v 0.259544 -1.256475 1.349517
v 0.327071 -1.108078 1.730090
v -0.327071 -1.108078 1.730090
v -0.259544 -1.256475 1.349517
vt 0.432430 0.574005
vt 0.403642 0.578395
vt 0.407741 0.540529
vt 0.383245 0.537876
vt 0.369947 0.574749
vt 0.395447 0.654129
vt 0.422630 0.664576
vt 0.391352 0.691997
vt 0.371807 0.642274
vt 0.378013 0.584919
vt 0.017861 0.632147
vt 0.032322 0.632424
vt 0.019371 0.665914
vt 0.360389 0.612025
vt 0.361752 0.650485
vt 0.049249 0.680559
vt 0.048850 0.718277
vt 0.020577 0.678989
vt 0.352055 0.532145
vt 0.062287 0.648606
vt 0.069884 0.654947
vt 0.083351 0.632175
vt 0.018972 0.599679
vt 0.062253 0.615895
vt 0.069813 0.609482
vt 0.048963 0.584162
vt 0.020330 0.586480
vt 0.805676 0.693654
vt 0.758768 0.725219
vt 0.761769 0.674782
vt 0.437421 0.706791
vt 0.457929 0.947124
vt 0.466777 0.903278
vt 0.481969 0.940035
vt 0.873099 0.481391
vt 0.921270 0.487534
vt 0.850670 0.491926
vt 0.366855 0.689347
vt 0.806964 0.741195
vt 0.048497 0.546422
vt 0.335161 0.688274
vt 0.080811 0.558101
vt 0.902853 0.575872
vt 0.927820 0.626140
vt 0.857414 0.575908
vt 0.745494 0.795224
vt 0.265083 0.808003
vt 0.272921 0.869740
vt 0.238839 0.850905
vt 0.104336 0.571081
vt 0.891427 0.554317
vt 0.904994 0.511000
vt 0.868215 0.541531
vt 0.841332 0.522295
vt 0.947827 0.491480
vt 0.964116 0.528418
vt 0.081008 0.706319
vt 0.306086 0.569690
vt 0.266560 0.543545
vt 0.330424 0.547542
vt 0.688444 0.712092
vt 0.682975 0.787173
vt 0.709218 0.830076
vt 0.675136 0.848911
vt 0.104415 0.693218
vt 0.723020 0.668958
vt 0.735424 0.646807
vt 0.284475 0.584941
vt 0.455909 0.535931
vt 0.733790 0.904806
vt 0.742640 0.948653
vt 0.718598 0.941564
vt 0.247718 0.522324
vt 0.294641 0.510515
vt 0.317996 0.518366
vt 0.221943 0.529445
vt 0.189608 0.543802
vt 0.177580 0.712167
vt 0.170751 0.542455
vt 0.159514 0.580608
vt 0.374839 0.889410
vt 0.385785 0.851172
vt 0.391507 0.898333
vt 0.445638 0.706139
vt 0.221448 0.514995
vt 0.259469 0.500185
vt 0.241333 0.494846
vt 0.946606 0.477003
vt 0.924322 0.459325
vt 0.906891 0.466845
vt 0.060760 0.425287
vt 0.020850 0.438135
vt 0.027286 0.425271
vt 0.020862 0.412399
vt 0.875734 0.699336
vt 0.860867 0.775511
vt 0.860867 0.623161
vt 0.833778 0.783733
vt 0.833778 0.614940
vt 0.017861 0.139978
vt 0.046562 0.141320
vt 0.020273 0.155344
vt 0.043342 0.155340
vt 0.046567 0.169360
vt 0.017866 0.170712
vt 0.787212 0.319572
vt 0.821303 0.331766
vt 0.796866 0.331765
vt 0.211454 0.734101
vt 0.204305 0.705839
vt 0.239526 0.727145
vt 0.211454 0.774980
vt 0.239525 0.781936
vt 0.204305 0.803241
vt 0.787211 0.343955
vt 0.811634 0.351602
vt 0.234779 0.754541
vt 0.203133 0.754541
vt 0.811628 0.311931
vt 0.210507 0.567388
vt 0.284154 0.610405
vt 0.875318 0.622750
vt 0.876630 0.639717
vt 0.176015 0.896063
vt 0.159519 0.891887
vt 0.168845 0.846034
vt 0.216520 0.536452
vt 0.064861 0.484770
vt 0.094858 0.475328
vt 0.094981 0.497211
vt 0.177816 0.516656
vt 0.200882 0.489519
vt 0.239857 0.670378
vt 0.256007 0.659654
vt 0.094888 0.375276
vt 0.064915 0.365794
vt 0.095037 0.353391
vt 0.140128 0.889297
vt 0.123631 0.893474
vt 0.130801 0.843445
vt 0.954270 0.498313
vt 0.876630 0.758956
vt 0.875319 0.775922
vt 0.017890 0.375557
vt 0.088863 0.316110
vt 0.177905 0.334034
vt 0.043144 0.206170
vt 0.019520 0.207240
vt 0.784701 0.283081
vt 0.814762 0.282943
vt 0.017861 0.474965
vt 0.088760 0.534485
vt 0.827492 0.265362
vt 0.027697 0.305023
vt 0.853586 0.252969
vt 0.849367 0.209478
vt 0.153536 0.792165
vt 0.125634 0.695689
vt 0.151394 0.701266
vt 0.124129 0.782550
vt 0.933078 0.232215
vt 0.053177 0.298281
vt 0.814749 0.380586
vt 0.827482 0.398170
vt 0.784672 0.380415
vt 0.201064 0.824707
vt 0.229834 0.813965
vt 0.019568 0.103452
vt 0.043193 0.104505
vt 0.849357 0.454062
vt 0.853578 0.410570
vt 0.635596 0.692333
vt 0.607694 0.788811
vt 0.609836 0.697910
vt 0.933072 0.431329
vt 0.027676 0.005664
vt 0.637100 0.779195
vt 0.053160 0.012386
vt 0.229834 0.695117
vt 0.201064 0.684374
vt 0.896107 0.695490
vt 0.928711 0.654883
vt 0.929049 0.682157
vt 0.854629 0.266591
vt 0.899064 0.646872
vt 0.944891 0.635358
vt 0.731060 0.808168
vt 0.671350 0.721060
vt 0.200945 0.361194
vt 0.963968 0.398493
vt 0.654600 0.820766
vt 0.595804 0.822391
vt 0.854624 0.396949
vt 0.315219 0.706052
vt 0.282615 0.665445
vt 0.312263 0.657434
vt 0.282277 0.692719
vt 0.106630 0.824121
vt 0.165425 0.825746
vt 0.866875 0.920675
vt 0.866875 0.813537
vt 0.925694 0.920674
vt 0.925693 0.813538
vt 0.963972 0.265054
vt 0.920493 0.791246
vt 0.496032 0.687246
vt 0.522065 0.715643
vt 0.464942 0.698283
vt 0.461704 0.745883
vt 0.522119 0.696243
vt 0.547952 0.687254
vt 0.570690 0.831349
vt 0.473025 0.830857
vt 0.581935 0.745994
vt 0.579021 0.698368
vt 0.290834 0.801807
vt 0.304274 0.791882
vt 0.850779 0.916198
vt 0.850778 0.818016
vt 0.907053 0.781321
vn -0.000000 -0.999242 0.038931
vn -0.000000 -0.999242 0.038931
vn -0.000000 -0.999242 0.038931
vn -0.000000 -0.999011 0.044475
vn -0.000000 -0.999011 0.044475
vn -0.000000 -0.999011 0.044475
vn -0.007860 -0.999446 0.032334
vn -0.007860 -0.999446 0.032334
vn -0.007860 -0.999446 0.032334
vn -0.000000 -0.999242 0.038931
vn -0.000000 -0.999242 0.038931
vn -0.000000 -0.999242 0.038931
vn 0.000000 -0.999662 0.025990
vn 0.000000 -0.999662 0.025990
vn 0.000000 -0.999662 0.025990
vn 0.000000 -0.999662 0.025990
vn 0.000000 -0.999662 0.025990
vn 0.000000 -0.999662 0.025990
vn 0.000000 -0.999242 0.038930
vn 0.000000 -0.999242 0.038930
vn 0.000000 -0.999242 0.038930
vn 0.000000 -0.999242 0.038932
vn 0.000000 -0.999242 0.038932
vn 0.000000 -0.999242 0.038932
vn 0.402736 -0.452987 -0.795365
vn 0.402736 -0.452987 -0.795365
vn 0.402736 -0.452987 -0.795365
vn 0.000000 -1.000000 0.000000
vn 0.000000 -1.000000 0.000000
vn 0.000000 -1.000000 0.000000
vn -0.017014 -0.999333 0.032329
vn -0.017014 -0.999332 0.032329
vn -0.017014 -0.999332 0.032329
vn 0.017014 -0.999333 0.032329
vn 0.017014 -0.999333 0.032329
vn 0.017014 -0.999332 0.032329
vn -0.036133 -0.439016 -0.897753
vn -0.036133 -0.439016 -0.897753
vn -0.036133 -0.439016 -0.897753
vn 0.172639 -0.682483 -0.710220
vn 0.172639 -0.682483 -0.710220
vn 0.172639 -0.682483 -0.710220
vn 0.653023 0.203694 -0.729431
vn 0.653023 0.203694 -0.729431
vn 0.653023 0.203694 -0.729431
vn -0.671524 -0.325516 -0.665654
vn -0.671524 -0.325516 -0.665654
vn -0.671524 -0.325516 -0.665654
vn -0.708363 -0.292373 -0.642449
vn -0.708363 -0.292373 -0.642449
vn -0.708363 -0.292373 -0.642449
vn -0.679632 -0.126438 -0.722574
vn -0.679632 -0.126438 -0.722574
vn -0.679632 -0.126438 -0.722574
vn -0.004226 0.614246 -0.789103
vn -0.004226 0.614246 -0.789103
vn -0.004226 0.614246 -0.789103
vn -0.720019 -0.089780 -0.688122
vn -0.720019 -0.089780 -0.688122
vn -0.720019 -0.089780 -0.688122
vn -0.402736 -0.452988 -0.795365
vn -0.402736 -0.452988 -0.795365
vn -0.402736 -0.452988 -0.795365
vn -0.653023 0.203694 -0.729431
vn -0.653023 0.203694 -0.729431
vn -0.653023 0.203694 -0.729431
vn 0.679632 -0.126438 -0.722575
vn 0.679632 -0.126438 -0.722575
vn 0.679632 -0.126438 -0.722575
vn 0.671524 -0.325516 -0.665654
vn 0.671524 -0.325516 -0.665654
vn 0.671524 -0.325516 -0.665654
vn 0.708363 -0.292373 -0.642449
vn 0.708363 -0.292373 -0.642449
vn 0.708363 -0.292373 -0.642449
vn 0.004226 0.614246 -0.789103
vn 0.004226 0.614246 -0.789103
vn 0.004226 0.614246 -0.789103
vn 0.720019 -0.089779 -0.688122
vn 0.720019 -0.089779 -0.688122
vn 0.720019 -0.089779 -0.688122
vn -0.551100 -0.298058 -0.779391
vn -0.551100 -0.298058 -0.779391
vn -0.551100 -0.298058 -0.779391
vn -0.426292 -0.757996 0.493677
vn -0.426292 -0.757996 0.493677
vn -0.426292 -0.757996 0.493677
vn -0.196219 0.162594 -0.966986
vn -0.196219 0.162594 -0.966986
vn -0.196219 0.162594 -0.966986
vn -0.991092 -0.133045 0.005923
vn -0.991092 -0.133045 0.005923
vn -0.991092 -0.133045 0.005923
vn 0.007860 -0.999446 0.032334
vn 0.007860 -0.999446 0.032334
vn 0.007860 -0.999446 0.032334
vn -0.000000 -0.999011 0.044475
vn -0.000000 -0.999011 0.044475
vn -0.000000 -0.999011 0.044475
vn 0.551100 -0.298058 -0.779391
vn 0.551100 -0.298058 -0.779391
vn 0.551100 -0.298058 -0.779391
vn 0.036133 -0.439016 -0.897753
vn 0.036133 -0.439016 -0.897753
vn 0.036133 -0.439016 -0.897753
vn -0.172639 -0.682483 -0.710220
vn -0.172639 -0.682483 -0.710220
vn -0.172639 -0.682483 -0.710220
vn 0.035296 0.553541 -0.832074
vn 0.035296 0.553541 -0.832074
vn 0.035296 0.553541 -0.832074
vn -0.040081 0.486975 -0.872496
vn -0.040081 0.486975 -0.872496
vn -0.040081 0.486975 -0.872496
vn -0.620571 0.211015 -0.755224
vn -0.620571 0.211015 -0.755224
vn -0.620571 0.211015 -0.755224
vn -0.086671 0.400701 -0.912100
vn -0.086671 0.400701 -0.912100
vn -0.086671 0.400701 -0.912100
vn -0.218131 -0.933218 -0.285521
vn -0.218131 -0.933218 -0.285521
vn -0.218131 -0.933218 -0.285521
vn 0.211968 0.776701 -0.593132
vn 0.211968 0.776701 -0.593132
vn 0.211968 0.776701 -0.593132
vn 0.037991 0.595811 -0.802226
vn 0.037991 0.595811 -0.802226
vn 0.037991 0.595811 -0.802226
vn -0.747032 -0.088241 -0.658906
vn -0.747032 -0.088241 -0.658906
vn -0.747032 -0.088241 -0.658906
vn -0.942674 0.318780 -0.098715
vn -0.942674 0.318780 -0.098715
vn -0.942674 0.318780 -0.098715
vn -0.970967 0.238961 -0.010982
vn -0.970967 0.238961 -0.010982
vn -0.970967 0.238961 -0.010982
vn -0.991859 0.087058 -0.092935
vn -0.991859 0.087058 -0.092935
vn -0.991859 0.087058 -0.092935
vn -1.000000 0.000000 0.000000
vn -1.000000 0.000000 0.000000
vn -1.000000 0.000000 0.000000
vn -0.907871 0.412660 -0.074044
vn -0.907871 0.412660 -0.074044
vn -0.907871 0.412660 -0.074044
vn -0.988313 -0.116741 0.098024
vn -0.988313 -0.116741 0.098024
vn -0.988313 -0.116741 0.098024
vn -0.858875 0.510241 0.044596
vn -0.858875 0.510241 0.044596
vn -0.858875 0.510241 0.044596
vn -0.035296 0.553540 -0.832074
vn -0.035296 0.553540 -0.832074
vn -0.035296 0.553540 -0.832074
vn 0.040081 0.486976 -0.872496
vn 0.040081 0.486976 -0.872496
vn 0.040081 0.486976 -0.872496
vn 0.942674 0.318780 -0.098715
vn 0.942674 0.318780 -0.098715
vn 0.942674 0.318780 -0.098715
vn 0.086671 0.400701 -0.912100
vn 0.086671 0.400701 -0.912100
vn 0.086671 0.400701 -0.912100
vn 0.218131 -0.933218 -0.285521
vn 0.218131 -0.933218 -0.285521
vn 0.218131 -0.933218 -0.285521
vn -0.211968 0.776700 -0.593132
vn -0.211968 0.776700 -0.593132
vn -0.211968 0.776700 -0.593132
vn -0.037991 0.595811 -0.802225
vn -0.037991 0.595811 -0.802225
vn -0.037991 0.595811 -0.802225
vn 0.730244 -0.193771 -0.655131
vn 0.730244 -0.193771 -0.655131
vn 0.730244 -0.193771 -0.655131
vn 0.487467 0.274239 -0.828956
vn 0.487467 0.274239 -0.828956
vn 0.487467 0.274239 -0.828956
vn 0.907871 0.412660 -0.074044
vn 0.907871 0.412660 -0.074044
vn 0.907871 0.412660 -0.074044
vn 0.000000 0.486292 -0.873796
vn 0.000000 0.486292 -0.873796
vn 0.000000 0.486292 -0.873796
vn 0.426292 -0.757996 0.493677
vn 0.426292 -0.757996 0.493677
vn 0.426292 -0.757996 0.493677
vn 0.196220 0.162593 -0.966986
vn 0.196220 0.162593 -0.966986
vn 0.196220 0.162593 -0.966986
vn 0.991092 -0.133045 0.005923
vn 0.991092 -0.133045 0.005923
vn 0.991092 -0.133045 0.005923
vn 0.970967 0.238961 -0.010982
vn 0.970967 0.238961 -0.010982
vn 0.970967 0.238961 -0.010982
vn 0.991859 0.087058 -0.092935
vn 0.991859 0.087058 -0.092935
vn 0.991859 0.087058 -0.092935
vn 1.000000 0.000000 0.000000
vn 1.000000 0.000000 0.000000
vn 1.000000 0.000000 0.000000
vn 0.000000 -0.997009 0.077286
vn 0.000000 -0.997009 0.077286
vn 0.000000 -0.997009 0.077286
vn 0.013496 -0.980339 0.196857
vn 0.013496 -0.980339 0.196857
vn 0.013496 -0.980339 0.196857
vn -0.039803 -0.996219 0.077224
vn -0.039803 -0.996219 0.077224
vn -0.039803 -0.996219 0.077224
vn 0.000000 -0.991038 0.133581
vn 0.000000 -0.991038 0.133581
vn 0.000000 -0.991038 0.133581
vn 0.990994 0.048538 0.124803
vn 0.990994 0.048538 0.124803
vn 0.990994 0.048538 0.124803
vn 0.981199 0.192420 -0.014916
vn 0.981199 0.192420 -0.014916
vn 0.981199 0.192420 -0.014916
vn 0.956780 0.270559 0.106630
vn 0.956780 0.270559 0.106630
vn 0.956780 0.270560 0.106630
vn -0.956780 0.270560 0.106630
vn -0.956780 0.270559 0.106630
vn -0.956780 0.270559 0.106630
vn -0.981199 0.192420 -0.014916
vn -0.981199 0.192420 -0.014916
vn -0.981199 0.192420 -0.014916
vn -0.990994 0.048538 0.124803
vn -0.990994 0.048538 0.124803
vn -0.990994 0.048538 0.124803
vn -0.321154 -0.495759 -0.806897
vn -0.321154 -0.495759 -0.806897
vn -0.321154 -0.495759 -0.806897
vn 0.321154 -0.495759 -0.806897
vn 0.321154 -0.495759 -0.806897
vn 0.321154 -0.495759 -0.806897
vn 0.000000 -0.167861 0.985811
vn 0.000000 -0.167861 0.985811
vn 0.000000 -0.167861 0.985811
vn 0.000000 -0.416870 0.908966
vn 0.000000 -0.416871 0.908966
vn 0.000000 -0.416870 0.908966
vn 0.000000 -0.416871 0.908966
vn 0.000000 -0.416871 0.908966
vn 0.000000 -0.416871 0.908966
vn 0.600101 -0.756902 0.258800
vn 0.600101 -0.756902 0.258800
vn 0.600101 -0.756902 0.258800
vn 0.494213 -0.795632 0.350319
vn 0.494213 -0.795632 0.350319
vn 0.494213 -0.795632 0.350319
vn -0.494213 -0.795632 0.350319
vn -0.494213 -0.795632 0.350319
vn -0.494213 -0.795632 0.350319
vn -0.600101 -0.756902 0.258801
vn -0.600101 -0.756902 0.258801
vn -0.600101 -0.756902 0.258801
vn 0.025590 0.637348 0.770151
vn 0.025590 0.637348 0.770151
vn 0.025590 0.637348 0.770151
vn 0.157418 -0.929194 0.334392
vn 0.157418 -0.929194 0.334392
vn 0.157418 -0.929194 0.334392
vn -0.157418 -0.929195 0.334390
vn -0.157418 -0.929195 0.334390
vn -0.157418 -0.929195 0.334390
vn -0.025589 0.637348 0.770151
vn -0.025589 0.637348 0.770151
vn -0.025589 0.637348 0.770151
vn 0.442638 0.433671 0.784858
vn 0.442638 0.433671 0.784858
vn 0.442638 0.433671 0.784858
vn 0.539611 -0.747570 0.387245
vn 0.539611 -0.747570 0.387245
vn 0.539611 -0.747570 0.387245
vn 0.461772 -0.745100 0.481241
vn 0.461772 -0.745100 0.481241
vn 0.461772 -0.745100 0.481241
vn -0.539611 -0.747570 0.387246
vn -0.539611 -0.747570 0.387246
vn -0.539611 -0.747570 0.387246
vn -0.461773 -0.745100 0.481239
vn -0.461773 -0.745100 0.481239
vn -0.461773 -0.745100 0.481239
vn -0.442637 0.433672 0.784858
vn -0.442637 0.433672 0.784858
vn -0.442637 0.433672 0.784858
vn 0.995664 0.026383 0.089199
vn 0.995664 0.026383 0.089199
vn 0.995664 0.026383 0.089199
vn 0.858875 0.510241 0.044596
vn 0.858875 0.510241 0.044596
vn 0.858875 0.510241 0.044596
vn 0.066391 0.361665 0.929941
vn 0.066391 0.361665 0.929941
vn 0.066391 0.361665 0.929941
vn 0.107238 0.402543 0.909098
vn 0.107238 0.402543 0.909098
vn 0.107238 0.402543 0.909098
vn 0.067411 0.996673 -0.045804
vn 0.067411 0.996673 -0.045804
vn 0.067411 0.996673 -0.045804
vn 0.927597 0.197009 0.317413
vn 0.927597 0.197009 0.317413
vn 0.927597 0.197010 0.317413
vn -0.614483 -0.175556 -0.769150
vn -0.614483 -0.175556 -0.769150
vn -0.614483 -0.175556 -0.769150
vn 0.442430 -0.326613 -0.835213
vn 0.442430 -0.326613 -0.835213
vn 0.442430 -0.326613 -0.835213
vn -0.606448 -0.434979 -0.665593
vn -0.606448 -0.434979 -0.665593
vn -0.606448 -0.434979 -0.665593
vn 0.993216 0.063176 0.097623
vn 0.993216 0.063176 0.097623
vn 0.993216 0.063176 0.097623
vn 0.834269 0.250194 -0.491324
vn 0.834269 0.250194 -0.491324
vn 0.834269 0.250194 -0.491324
vn 0.614483 -0.175556 -0.769150
vn 0.614483 -0.175556 -0.769150
vn 0.614483 -0.175556 -0.769150
vn -0.067411 0.996673 -0.045804
vn -0.067411 0.996673 -0.045804
vn -0.067411 0.996673 -0.045804
vn -0.927597 0.197009 0.317412
vn -0.927597 0.197009 0.317412
vn -0.927597 0.197009 0.317412
vn -0.066391 0.361665 0.929941
vn -0.066391 0.361665 0.929941
vn -0.066391 0.361665 0.929941
vn -0.107238 0.402543 0.909098
vn -0.107238 0.402543 0.909098
vn -0.107238 0.402543 0.909098
vn 0.104087 -0.458863 -0.882389
vn 0.104087 -0.458863 -0.882389
vn 0.104087 -0.458863 -0.882389
vn -0.111768 -0.650955 -0.750844
vn -0.111768 -0.650955 -0.750844
vn -0.111768 -0.650955 -0.750844
vn -0.309673 -0.573044 -0.758764
vn -0.309673 -0.573044 -0.758764
vn -0.309673 -0.573044 -0.758764
vn -0.363799 -0.652737 -0.664518
vn -0.363799 -0.652737 -0.664518
vn -0.363799 -0.652737 -0.664518
vn -0.336222 -0.329792 -0.882152
vn -0.336222 -0.329792 -0.882152
vn -0.336222 -0.329792 -0.882152
vn -0.048104 -0.945122 0.323157
vn -0.048104 -0.945122 0.323157
vn -0.048104 -0.945122 0.323157
vn 0.000000 -0.919498 0.393095
vn 0.000000 -0.919498 0.393095
vn 0.000000 -0.919498 0.393096
vn 0.000000 0.377137 0.926158
vn 0.000000 0.377137 0.926158
vn 0.000000 0.377137 0.926157
vn 0.136090 0.523322 0.841198
vn 0.136090 0.523322 0.841198
vn 0.136090 0.523322 0.841198
vn -0.104087 -0.458864 -0.882389
vn -0.104087 -0.458864 -0.882389
vn -0.104087 -0.458864 -0.882389
vn 0.111768 -0.650954 -0.750844
vn 0.111768 -0.650954 -0.750844
vn 0.111768 -0.650954 -0.750844
vn 0.363799 -0.652737 -0.664518
vn 0.363799 -0.652737 -0.664518
vn 0.363799 -0.652737 -0.664518
vn 0.309673 -0.573044 -0.758764
vn 0.309673 -0.573044 -0.758764
vn 0.309673 -0.573044 -0.758764
vn 0.336221 -0.329792 -0.882152
vn 0.336221 -0.329792 -0.882152
vn 0.336221 -0.329792 -0.882152
vn -0.035236 0.516854 0.855348
vn -0.035236 0.516854 0.855348
vn -0.035236 0.516854 0.855348
vn 0.721088 -0.637068 0.272353
vn 0.721088 -0.637068 0.272353
vn 0.721088 -0.637068 0.272353
vn 0.000000 0.327797 0.944748
vn 0.000000 0.327797 0.944748
vn 0.000000 0.327797 0.944748
vn -0.117005 0.536099 0.836007
vn -0.117005 0.536099 0.836007
vn -0.117005 0.536099 0.836007
vn 0.895915 0.082843 -0.436432
vn 0.895915 0.082843 -0.436432
vn 0.895915 0.082843 -0.436432
vn 0.930515 0.293684 -0.218842
vn 0.930515 0.293684 -0.218842
vn 0.930515 0.293684 -0.218842
vn 0.000000 0.393362 0.919384
vn 0.000000 0.393362 0.919384
vn 0.000000 0.393362 0.919384
vn 0.721725 -0.685585 -0.095319
vn 0.721725 -0.685585 -0.095319
vn 0.721725 -0.685585 -0.095319
vn 0.035233 0.516852 0.855350
vn 0.035233 0.516852 0.855350
vn 0.035233 0.516852 0.855350
vn -0.644187 -0.725278 0.242890
vn -0.644187 -0.725278 0.242890
vn -0.644187 -0.725278 0.242890
vn -0.316077 -0.846126 0.429146
vn -0.316077 -0.846126 0.429145
vn -0.316077 -0.846126 0.429146
vn 0.000000 0.377136 0.926158
vn 0.000000 0.377136 0.926158
vn 0.000000 0.377136 0.926158
vn -0.136089 0.523320 0.841199
vn -0.136089 0.523320 0.841199
vn -0.136089 0.523320 0.841199
vn 0.000000 -0.946217 0.323532
vn 0.000000 -0.946217 0.323532
vn 0.000000 -0.946217 0.323532
vn 0.058415 -0.917928 0.392424
vn 0.058415 -0.917928 0.392424
vn 0.058415 -0.917928 0.392424
vn 0.117002 0.536097 0.836008
vn 0.117002 0.536097 0.836008
vn 0.117002 0.536097 0.836008
vn 0.000000 0.327800 0.944747
vn 0.000000 0.327800 0.944747
vn 0.000000 0.327800 0.944747
vn -0.895915 0.082842 -0.436432
vn -0.895915 0.082843 -0.436432
vn -0.895915 0.082843 -0.436432
vn 0.000000 0.393362 0.919384
vn 0.000000 0.393362 0.919384
vn 0.000000 0.393362 0.919384
vn -0.721088 -0.637068 0.272353
vn -0.721088 -0.637068 0.272353
vn -0.721088 -0.637068 0.272353
vn -0.930515 0.293684 -0.218842
vn -0.930515 0.293684 -0.218842
vn -0.930515 0.293684 -0.218842
vn -0.721725 -0.685585 -0.095320
vn -0.721725 -0.685586 -0.095320
vn -0.721725 -0.685586 -0.095320
vn 0.316077 -0.846125 0.429147
vn 0.316077 -0.846125 0.429147
vn 0.316077 -0.846125 0.429147
vn 0.644189 -0.725276 0.242889
vn 0.644189 -0.725276 0.242889
vn 0.644189 -0.725276 0.242889
vn 0.987393 0.098061 -0.124256
vn 0.987393 0.098061 -0.124256
vn 0.987393 0.098061 -0.124256
vn 0.000000 0.327797 0.944748
vn 0.000000 0.327797 0.944748
vn 0.000000 0.327797 0.944748
vn 0.953741 -0.058152 0.294951
vn 0.953741 -0.058152 0.294951
vn 0.953741 -0.058152 0.294951
vn -0.983240 0.099330 0.152880
vn -0.983240 0.099330 0.152880
vn -0.983240 0.099330 0.152880
vn -0.853248 0.230844 -0.467632
vn -0.853248 0.230844 -0.467632
vn -0.853248 0.230844 -0.467632
vn 0.000000 0.583313 -0.812247
vn 0.000000 0.583313 -0.812247
vn 0.000000 0.583313 -0.812247
vn 0.000000 0.583313 -0.812247
vn 0.000000 0.583313 -0.812247
vn 0.000000 0.583313 -0.812247
vn -0.442430 -0.326613 -0.835212
vn -0.442430 -0.326613 -0.835212
vn -0.442430 -0.326613 -0.835213
vn -0.422282 0.295096 0.857086
vn -0.422282 0.295097 0.857086
vn -0.422282 0.295097 0.857086
vn -0.660554 0.713807 -0.232695
vn -0.660554 0.713807 -0.232695
vn -0.660554 0.713807 -0.232695
vn 0.606448 -0.434979 -0.665593
vn 0.606448 -0.434979 -0.665593
vn 0.606448 -0.434979 -0.665593
vn -0.605583 0.737660 -0.298541
vn -0.605583 0.737660 -0.298541
vn -0.605583 0.737660 -0.298541
vn 0.000000 0.327800 0.944747
vn 0.000000 0.327800 0.944747
vn 0.000000 0.327800 0.944747
vn -0.953741 -0.058152 0.294952
vn -0.953741 -0.058152 0.294952
vn -0.953741 -0.058152 0.294952
vn 0.000000 0.246139 0.969234
vn 0.000000 0.246139 0.969235
vn 0.000000 0.246139 0.969235
vn -0.987393 0.098060 -0.124252
vn -0.987393 0.098060 -0.124252
vn -0.987393 0.098060 -0.124252
vn 0.660554 0.713808 -0.232695
vn 0.660554 0.713808 -0.232695
vn 0.660554 0.713808 -0.232695
vn 0.605583 0.737660 -0.298541
vn 0.605583 0.737660 -0.298541
vn 0.605583 0.737660 -0.298541
vn 0.000000 0.926962 -0.375155
vn 0.000000 0.926962 -0.375155
vn 0.000000 0.926962 -0.375155
vn 0.000000 0.926962 -0.375155
vn 0.000000 0.926962 -0.375155
vn 0.000000 0.926962 -0.375155
vn 0.422282 0.295096 0.857086
vn 0.422282 0.295096 0.857086
vn 0.422282 0.295096 0.857086
vn 0.000000 0.246139 0.969235
vn 0.000000 0.246139 0.969235
vn 0.000000 0.246139 0.969234
vn 0.996812 0.036278 -0.071067
vn 0.996812 0.036278 -0.071067
vn 0.996812 0.036278 -0.071067
vn -0.206249 0.413085 0.887030
vn -0.206249 0.413085 0.887030
vn -0.206249 0.413085 0.887030
vn -0.127355 0.216517 0.967936
vn -0.127355 0.216517 0.967936
vn -0.127355 0.216517 0.967936
vn 0.520982 -0.174575 0.835524
vn 0.520982 -0.174575 0.835524
vn 0.520982 -0.174575 0.835524
vn -0.520982 -0.174575 0.835524
vn -0.520982 -0.174575 0.835524
vn -0.520982 -0.174575 0.835524
vn 0.000000 0.453106 0.891457
vn 0.000000 0.453106 0.891457
vn 0.000000 0.453106 0.891457
vn 0.009333 0.463674 0.885957
vn 0.009333 0.463674 0.885957
vn 0.009333 0.463674 0.885957
vn -0.013972 0.454704 0.890533
vn -0.013972 0.454704 0.890533
vn -0.013972 0.454704 0.890533
vn 0.206249 0.413085 0.887030
vn 0.206249 0.413085 0.887030
vn 0.206249 0.413085 0.887030
vn 0.127355 0.216517 0.967936
vn 0.127355 0.216517 0.967936
vn 0.127355 0.216517 0.967936
vn -0.858530 0.327562 0.394499
vn -0.858530 0.327562 0.394499
vn -0.858530 0.327562 0.394499
vn 0.000000 0.923640 0.383260
vn 0.000000 0.923640 0.383260
vn 0.000000 0.923640 0.383260
vn 0.000000 0.923640 0.383261
vn 0.000000 0.923640 0.383261
vn 0.000000 0.923640 0.383261
vn 0.858531 0.327562 0.394498
vn 0.858531 0.327562 0.394498
vn 0.858531 0.327562 0.394498
vn -0.996812 0.036279 -0.071066
vn -0.996812 0.036279 -0.071066
vn -0.996812 0.036279 -0.071066
s off
f 55/1/1 64/2/2 57/3/3
f 57/3/4 64/2/5 48/4/6
f 48/4/7 64/2/8 66/5/9
f 65/6/10 56/7/11 58/8/12
f 65/6/13 77/9/14 64/2/15
f 64/2/16 77/9/17 78/10/18
f 56/7/19 65/6/20 55/1/21
f 55/1/22 65/6/23 64/2/24
f 79/11/25 80/12/26 78/13/27
f 78/10/28 77/9/29 79/14/30
f 66/5/31 64/2/32 78/10/33
f 65/6/34 67/15/35 77/9/36
f 69/16/37 44/17/38 66/18/39
f 66/5/40 44/19/41 48/4/42
f 81/20/43 78/13/44 80/12/45
f 66/18/46 78/13/47 69/16/48
f 69/16/49 78/13/50 81/20/51
f 81/20/52 71/21/53 69/16/54
f 63/22/55 81/20/56 80/12/57
f 71/21/58 81/20/59 63/22/60
f 80/12/61 79/11/62 77/23/63
f 77/23/64 82/24/65 80/12/66
f 73/25/67 82/24/68 68/26/69
f 67/27/70 68/26/71 77/23/72
f 77/23/73 68/26/74 82/24/75
f 82/24/76 63/22/77 80/12/78
f 82/24/79 73/25/80 63/22/81
f 63/28/82 74/29/83 39/30/84
f 51/31/85 58/8/86 56/7/87
f 51/32/88 56/33/89 54/34/90
f 58/35/91 51/36/92 47/37/93
f 67/15/94 65/6/95 47/38/96
f 47/38/97 65/6/98 58/8/99
f 74/29/100 63/28/101 40/39/102
f 68/26/103 67/27/104 43/40/105
f 43/41/106 67/15/107 47/38/108
f 73/25/109 68/26/110 72/42/111
f 72/42/112 68/26/113 43/40/114
f 76/43/115 35/44/116 40/45/117
f 40/39/118 35/46/119 74/29/120
f 63/47/121 37/48/122 40/49/123
f 63/22/124 73/25/125 37/50/126
f 37/50/127 73/25/128 72/42/129
f 76/43/130 40/45/131 37/51/132
f 60/52/133 72/53/134 43/54/135
f 62/55/136 60/52/137 51/36/138
f 51/36/139 60/52/140 47/37/141
f 60/52/142 43/54/143 47/37/144
f 60/52/145 37/51/146 72/53/147
f 30/56/148 76/43/149 37/51/150
f 60/52/151 30/56/152 37/51/153
f 71/21/154 70/57/155 69/16/156
f 69/16/157 70/57/158 44/17/159
f 70/58/160 59/59/161 44/60/162
f 36/61/163 39/30/164 74/29/165
f 63/62/166 39/63/167 38/64/168
f 71/21/169 63/22/170 38/65/171
f 38/65/172 70/57/173 71/21/174
f 75/66/175 38/67/176 39/30/177
f 36/61/178 75/66/179 39/30/180
f 38/68/181 59/59/182 70/58/183
f 35/46/184 36/61/185 74/29/186
f 57/3/187 53/69/188 55/1/189
f 55/70/190 53/71/191 52/72/192
f 53/73/193 57/74/194 48/75/195
f 61/76/196 53/73/197 59/59/198
f 53/73/199 48/75/200 59/59/201
f 59/59/202 48/75/203 44/60/204
f 49/77/205 50/78/206 52/79/207
f 52/79/208 50/78/209 55/80/210
f 54/81/211 56/82/212 50/83/213
f 55/1/214 50/84/215 56/7/216
f 53/73/217 61/76/218 45/85/219
f 52/86/220 53/73/221 49/87/222
f 49/87/223 53/73/224 45/85/225
f 46/88/226 51/36/227 50/89/228
f 50/89/229 51/36/230 54/90/231
f 62/55/232 51/36/233 46/88/234
f 86/91/235 87/92/236 84/93/237
f 88/94/238 86/91/239 84/93/240
f 86/95/241 46/96/242 45/97/243
f 50/98/244 49/99/245 46/96/246
f 46/96/247 49/99/248 45/97/249
f 90/100/250 88/101/251 83/102/252
f 83/102/253 88/101/254 84/103/255
f 84/103/256 87/104/257 83/102/258
f 83/102/259 87/104/260 89/105/261
f 89/106/262 85/107/263 83/108/264
f 93/109/265 27/110/266 94/111/267
f 96/112/268 95/113/269 28/114/270
f 85/107/271 90/115/272 83/108/273
f 96/116/274 90/115/275 85/107/276
f 95/113/277 96/112/278 92/117/279
f 92/117/280 96/112/281 85/118/282
f 94/111/283 92/117/284 93/109/285
f 93/109/286 92/117/287 85/118/288
f 89/106/289 93/119/290 85/107/291
f 29/120/292 38/68/293 75/121/294
f 29/120/295 59/59/296 38/68/297
f 61/122/298 23/123/299 45/97/300
f 86/95/301 45/97/302 23/123/303
f 23/124/304 61/125/305 59/126/306
f 59/59/307 29/120/308 23/127/309
f 23/128/310 29/129/311 14/130/312
f 6/131/313 14/130/314 13/132/315
f 29/129/316 13/132/317 14/130/318
f 29/120/319 75/121/320 13/133/321
f 13/133/322 75/121/323 36/134/324
f 30/135/325 26/136/326 18/137/327
f 62/138/328 26/139/329 60/140/330
f 30/56/331 60/52/332 26/141/333
f 26/142/334 62/143/335 46/96/336
f 46/96/337 86/95/338 26/142/339
f 86/91/340 88/94/341 26/136/342
f 26/136/343 88/94/344 7/144/345
f 18/137/346 26/136/347 10/145/348
f 10/145/349 26/136/350 7/144/351
f 5/146/352 18/137/353 10/145/354
f 87/104/355 8/147/356 89/105/357
f 89/105/358 8/147/359 2/148/360
f 89/106/361 2/149/362 93/119/363
f 93/119/364 2/149/365 27/150/366
f 86/91/367 23/128/368 87/92/369
f 87/92/370 23/128/371 8/151/372
f 8/151/373 23/128/374 9/152/375
f 9/152/376 23/128/377 14/130/378
f 14/130/379 6/131/380 9/152/381
f 24/153/382 27/150/383 2/149/384
f 8/147/385 12/154/386 2/148/387
f 15/155/388 24/153/389 12/156/390
f 12/156/391 24/153/392 2/149/393
f 6/157/394 12/158/395 9/159/396
f 12/158/397 6/157/398 4/160/399
f 4/161/400 15/155/401 12/156/402
f 12/154/403 8/147/404 9/162/405
f 28/163/406 25/164/407 1/165/408
f 25/166/409 28/114/410 31/167/411
f 28/114/412 95/113/413 31/167/414
f 90/115/415 96/116/416 1/165/417
f 1/165/418 96/116/419 28/163/420
f 90/100/421 1/168/422 88/101/423
f 88/101/424 1/168/425 7/169/426
f 1/165/427 25/164/428 11/170/429
f 11/170/430 25/164/431 19/171/432
f 11/172/433 5/173/434 10/174/435
f 11/170/436 19/171/437 3/175/438
f 11/176/439 7/169/440 1/168/441
f 5/173/442 11/172/443 3/177/444
f 7/169/445 11/176/446 10/178/447
f 94/111/448 27/110/449 32/179/450
f 27/110/451 24/180/452 32/179/453
f 42/181/454 24/182/455 22/183/456
f 22/184/457 24/153/458 15/155/459
f 24/182/460 42/181/461 32/185/462
f 30/56/463 17/186/464 76/43/465
f 76/43/466 17/186/467 35/44/468
f 35/46/469 17/187/470 36/61/471
f 36/61/472 17/187/473 13/188/474
f 18/137/475 5/146/476 17/189/477
f 3/175/478 19/171/479 20/190/480
f 20/191/481 5/173/482 3/177/483
f 17/189/484 30/135/485 18/137/486
f 5/173/487 20/191/488 17/192/489
f 25/164/490 21/193/491 19/171/492
f 41/194/493 25/195/494 31/196/495
f 21/193/496 20/190/497 19/171/498
f 25/195/499 41/194/500 21/197/501
f 6/157/502 16/198/503 4/160/504
f 16/198/505 6/157/506 13/199/507
f 20/200/508 16/201/509 17/202/510
f 17/202/511 16/201/512 13/203/513
f 16/204/514 15/155/515 4/161/516
f 16/204/517 22/184/518 15/155/519
f 16/205/520 42/181/521 22/183/522
f 95/206/523 91/207/524 31/208/525
f 31/208/526 91/207/527 41/209/528
f 91/207/529 95/206/530 92/210/531
f 94/211/532 91/207/533 92/210/534
f 34/212/535 33/213/536 42/214/537
f 42/214/538 33/213/539 91/207/540
f 33/213/541 41/209/542 91/207/543
f 94/211/544 32/215/545 91/207/546
f 91/207/547 32/215/548 42/214/549
f 20/216/550 41/194/551 33/217/552
f 20/200/553 33/218/554 16/201/555
f 16/201/556 33/218/557 34/219/558
f 42/181/559 16/205/560 34/220/561
f 41/194/562 20/216/563 21/197/564
v 0.000000 0.337364 0.947047
v 0.000000 1.101322 -1.662502
v 0.000000 1.035435 -1.603812
v 0.000000 0.545870 -1.713273
v 0.000000 0.599369 -1.622786
v 0.000000 0.777279 -1.520158
v 0.000000 0.844546 -1.508303
v 0.000000 2.491647 -1.157247
v 0.000000 3.330986 0.284416
v 0.000000 0.187679 2.349535
v 0.000000 0.436459 -1.657728
v -0.665978 -0.015206 -0.269934
v -1.126731 2.849961 -0.536330
v -0.780206 0.060684 -1.458230
v -1.182819 2.555606 1.050852
v -1.166669 -0.573467 0.980732
v -1.575850 0.149745 2.018432
v -1.114928 0.479474 -0.497048
v -1.163014 1.236666 0.496642
v -1.373027 1.175052 -0.060107
v -1.053141 1.961306 -0.934124
v -0.545014 -0.663908 1.130732
v -0.467170 -0.134176 -1.584118
v -0.210571 1.814349 -1.319826
v -0.549275 3.144358 -0.750060
v -0.633155 2.837301 1.293970
v -1.128045 2.985100 0.249345
v -0.127737 2.220006 -1.256987
v -1.103223 0.779887 -1.318910
v -0.361700 1.400917 -1.458327
v -0.097625 1.849390 -1.488079
v -0.131104 1.577888 -1.679865
v -0.332360 1.560719 -1.476652
v -0.102733 1.733997 -1.577854
v -1.090268 2.287903 -0.950902
v -0.378002 2.473241 -1.129729
v -0.491468 2.233406 -1.023115
v -0.827995 2.235790 -0.993176
v -0.849126 1.840735 -1.160946
v -0.543220 1.840735 -1.228920
v -0.243489 2.002920 -1.188838
v -0.830744 1.871614 -1.167904
v -0.977169 1.988657 -0.991009
v -0.506302 2.147844 -1.110382
v -0.349498 1.990105 -1.200497
v -0.785793 2.148688 -1.099784
v -0.551879 1.871614 -1.207137
v -0.937101 1.986034 -0.962941
v -0.780074 2.123105 -1.043179
v -0.668525 2.015069 -1.130445
v -0.506110 2.116547 -1.038766
v -0.372096 1.990105 -1.083666
v -0.550860 1.888376 -1.089757
v -0.782964 1.888376 -1.097625
v -1.051685 1.507510 -1.373351
v -0.640483 0.456480 -1.601257
v -0.574494 0.989827 -1.618354
v -0.346822 1.134694 -1.635953
v -0.599298 0.191441 -1.706916
v -0.469570 0.503612 -1.681220
v -0.609416 0.528693 -1.464782
v -0.614811 0.829325 -1.422178
v -0.406060 0.566055 -1.591730
v -0.399450 1.057752 -1.521418
v -0.715269 0.701171 -1.536436
v -0.650595 0.737484 -1.442638
v -1.335417 1.587246 -0.896617
v -1.332418 1.942063 0.384337
v -1.386056 1.327015 0.415733
v -1.358750 1.852438 0.045498
v -1.378165 1.662513 0.001980
v -1.433836 1.423004 0.003779
v -1.493516 1.261040 0.166764
v -1.482972 1.939078 0.069770
v -1.546414 2.118397 0.321861
v -1.584755 2.009982 0.572088
v -1.539062 1.266733 0.350128
v -1.579188 1.712404 0.597199
v -0.514406 0.421252 -1.613378
v -0.706413 0.394581 -1.572504
v -0.831161 0.743336 -1.509756
v -0.616921 0.748444 -1.396451
v -0.582331 0.808165 -1.382662
v -1.562260 1.987190 0.304048
v -1.580921 1.911815 0.480557
v -1.574863 1.680946 0.480267
v -1.556694 1.494051 0.323860
v -1.510418 1.483593 0.195760
v -1.520465 1.862234 0.127787
v -1.470443 1.625403 0.045975
v -1.458416 1.851278 0.138370
v -1.431124 1.668505 0.106694
v -1.496601 1.965442 0.299407
v -1.513650 1.882081 0.460671
v -1.508115 1.671823 0.431494
v -1.373889 1.517729 0.269446
v -1.450372 1.778787 0.176466
v -1.493679 1.792506 0.368916
v -1.353250 1.663098 0.153681
v -1.353250 1.741457 0.288503
v -1.398795 1.653108 0.390294
v -0.610782 1.267142 -1.480029
v -0.608296 1.187241 -1.465675
v -0.199726 1.046165 -1.554356
v -0.416851 0.850124 -1.558282
v -0.203495 0.865435 -1.561813
v 0.000000 0.863428 -1.619039
v -0.204599 0.589430 -1.586747
v -0.403218 0.755925 -1.572361
v -0.198278 0.751846 -1.610777
v 0.001236 0.761243 -1.613829
v -0.323525 0.824334 -1.438503
v -0.274195 0.764464 -1.465177
v -0.057972 1.400917 -1.458327
v 0.000000 1.369168 -1.481648
v -0.251191 1.384530 -1.469681
v -0.144134 1.500917 -1.383737
v -0.088360 1.494657 -1.638123
v -0.183764 1.495860 -1.609349
v -0.734039 2.506000 -1.040316
v 0.665706 -0.015206 -0.269934
v 1.126300 2.849961 -0.536330
v 0.779908 0.060684 -1.458230
v 1.182366 2.555606 1.050852
v 1.166129 -0.573468 0.980732
v 1.575207 0.149745 2.018432
v 1.114502 0.479474 -0.497048
v 1.162570 1.236666 0.496642
v 1.372502 1.175052 -0.060107
v 1.052739 1.961306 -0.934124
v 0.544792 -0.663908 1.130732
v 0.466979 -0.134176 -1.584118
v 0.210490 1.814349 -1.319826
v 0.549033 3.144358 -0.750060
v 0.632941 2.837301 1.293970
v 1.127553 2.985100 0.249345
v 0.127685 2.220006 -1.256987
v 1.102802 0.779887 -1.318910
v 0.361562 1.400917 -1.458327
v 0.097581 1.849390 -1.488079
v 0.131043 1.577888 -1.679865
v 0.332233 1.560719 -1.476652
v 0.102684 1.733997 -1.577854
v 1.089851 2.287903 -0.950902
v 0.377848 2.473241 -1.129729
v 0.491280 2.233406 -1.023115
v 0.827678 2.235790 -0.993176
v 0.848802 1.840735 -1.160946
v 0.543012 1.840735 -1.228920
v 0.243396 2.002920 -1.188838
v 0.830427 1.871614 -1.167904
v 0.976795 1.988657 -0.991009
v 0.506109 2.147844 -1.110382
v 0.349365 1.990105 -1.200497
v 0.785493 2.148688 -1.099784
v 0.551668 1.871614 -1.207137
v 0.936743 1.986034 -0.962941
v 0.779776 2.123105 -1.043179
v 0.668270 2.015069 -1.130445
v 0.505917 2.116547 -1.038766
v 0.371954 1.990105 -1.083666
v 0.550650 1.888376 -1.089757
v 0.782665 1.888376 -1.097625
v 1.051283 1.507510 -1.373351
v 0.640238 0.456480 -1.601257
v 0.574274 0.989827 -1.618354
v 0.346676 1.134694 -1.635953
v 0.599053 0.191441 -1.706916
v 0.469378 0.503612 -1.681220
v 0.609183 0.528693 -1.464782
v 0.614576 0.829325 -1.422178
v 0.405911 0.566055 -1.591730
v 0.399298 1.057752 -1.521418
v 0.714996 0.701171 -1.536436
v 0.650347 0.737484 -1.442638
v 1.334906 1.587246 -0.896617
v 1.331908 1.942063 0.384337
v 1.385526 1.327015 0.415733
v 1.358230 1.852438 0.045498
v 1.377638 1.662513 0.001980
v 1.433288 1.423004 0.003779
v 1.492944 1.261040 0.166764
v 1.482405 1.939078 0.069770
v 1.545822 2.118397 0.321861
v 1.584149 2.009982 0.572088
v 1.538473 1.266733 0.350128
v 1.578584 1.712404 0.597199
v 0.514196 0.421252 -1.613378
v 0.706143 0.394581 -1.572504
v 0.830844 0.743336 -1.509756
v 0.616685 0.748444 -1.396451
v 0.582108 0.808165 -1.382662
v 1.561663 1.987190 0.304048
v 1.580317 1.911815 0.480557
v 1.574261 1.680946 0.480267
v 1.556098 1.494051 0.323860
v 1.509840 1.483593 0.195760
v 1.519884 1.862234 0.127787
v 1.469880 1.625403 0.045975
v 1.457858 1.851278 0.138370
v 1.430577 1.668505 0.106694
v 1.496028 1.965442 0.299407
v 1.513071 1.882081 0.460671
v 1.507538 1.671823 0.431494
v 1.373364 1.517729 0.269446
v 1.449818 1.778787 0.176466
v 1.493108 1.792506 0.368916
v 1.352732 1.663098 0.153681
v 1.352732 1.741457 0.288503
v 1.398260 1.653108 0.390294
v 0.610548 1.267142 -1.480029
v 0.608063 1.187241 -1.465675
v 0.199649 1.046165 -1.554356
v 0.416691 0.850124 -1.558282
v 0.203409 0.865435 -1.561813
v 0.204524 0.589430 -1.586747
v 0.403064 0.755925 -1.572361
v 0.198203 0.751846 -1.610777
v -0.001235 0.761243 -1.613829
v -0.200744 0.751817 -1.610485
v 0.323393 0.824334 -1.438503
v 0.274082 0.764464 -1.465177
v 0.057961 1.400917 -1.458327
v 0.251057 1.384530 -1.469681
v 0.144079 1.500917 -1.383737
v 0.088317 1.494657 -1.638123
v 0.183694 1.495860 -1.609349
v 0.733759 2.506000 -1.040316
vt 0.240883 0.880257
vt 0.240904 0.900629
vt 0.231289 0.889562
vt 0.249502 0.891902
vt 0.232075 0.909204
vt 0.249898 0.908528
vt 0.241209 0.921921
vt 0.239259 0.924719
vt 0.495747 0.866151
vt 0.490056 0.853020
vt 0.503709 0.863827
vt 0.497129 0.848717
vt 0.500655 0.881510
vt 0.506233 0.862970
vt 0.506398 0.883368
vt 0.495513 0.897687
vt 0.493004 0.895366
vt 0.936364 0.963115
vt 0.929549 0.972812
vt 0.926361 0.959373
vt 0.934434 0.952396
vt 0.928396 0.950387
vt 0.205041 0.937186
vt 0.193961 0.944115
vt 0.199324 0.936636
vt 0.196514 0.951895
vt 0.208445 0.923563
vt 0.195430 0.923388
vt 0.198978 0.915049
vt 0.185964 0.922153
vt 0.376233 0.936446
vt 0.368584 0.933318
vt 0.373211 0.924964
vt 0.377556 0.949172
vt 0.383888 0.930109
vt 0.364226 0.947573
vt 0.363492 0.930520
vt 0.369331 0.915482
vt 0.373138 0.919201
vt 0.803985 0.981271
vt 0.799195 0.991052
vt 0.788421 0.983673
vt 0.797012 0.974193
vt 0.061959 0.893445
vt 0.067122 0.905089
vt 0.062592 0.907882
vt 0.057528 0.895399
vt 0.057671 0.880027
vt 0.062090 0.879399
vt 0.065891 0.862618
vt 0.851966 0.987319
vt 0.857719 0.986084
vt 0.855571 0.994009
vt 0.398154 0.311549
vt 0.400627 0.313329
vt 0.398006 0.338419
vt 0.414042 0.296429
vt 0.363436 0.302978
vt 0.413190 0.288114
vt 0.368599 0.360430
vt 0.434126 0.312336
vt 0.380920 0.261002
vt 0.343137 0.339262
vt 0.395759 0.366487
vt 0.441817 0.291448
vt 0.423211 0.317207
vt 0.303886 0.291234
vt 0.354329 0.359712
vt 0.300115 0.319278
vt 0.414188 0.362937
vt 0.456778 0.324280
vt 0.434484 0.340998
vt 0.372254 0.381396
vt 0.336395 0.339568
vt 0.411935 0.354137
vt 0.430476 0.377600
vt 0.516623 0.338676
vt 0.424471 0.340021
vt 0.271312 0.333008
vt 0.364272 0.376238
vt 0.386182 0.381483
vt 0.316511 0.345262
vt 0.453175 0.355690
vt 0.397141 0.381947
vt 0.500542 0.283539
vt 0.296177 0.329239
vt 0.241294 0.323612
vt 0.364455 0.384257
vt 0.351719 0.369279
vt 0.387199 0.399856
vt 0.326925 0.363836
vt 0.431667 0.399776
vt 0.276937 0.338813
vt 0.254806 0.345873
vt 0.364448 0.398363
vt 0.372683 0.400207
vt 0.398218 0.397215
vt 0.454766 0.387687
vt 0.275303 0.349905
vt 0.226456 0.355559
vt 0.349547 0.391641
vt 0.370883 0.421433
vt 0.397600 0.412796
vt 0.455949 0.419995
vt 0.283995 0.353896
vt 0.229272 0.435537
vt 0.365188 0.406168
vt 0.356764 0.423433
vt 0.416381 0.415160
vt 0.520327 0.433016
vt 0.258475 0.443187
vt 0.347049 0.444411
vt 0.401907 0.440284
vt 0.462146 0.450906
vt 0.438414 0.435615
vt 0.246295 0.466433
vt 0.278093 0.393744
vt 0.353419 0.414131
vt 0.340280 0.444567
vt 0.370500 0.478367
vt 0.414791 0.424071
vt 0.449427 0.484519
vt 0.428445 0.437278
vt 0.275722 0.455377
vt 0.278536 0.438343
vt 0.329242 0.420811
vt 0.320046 0.440125
vt 0.305510 0.467217
vt 0.405037 0.441083
vt 0.507904 0.489316
vt 0.440697 0.463916
vt 0.429449 0.459755
vt 0.311477 0.494932
vt 0.286824 0.433587
vt 0.323964 0.392540
vt 0.404659 0.466255
vt 0.407018 0.464344
vt 0.421437 0.488454
vt 0.280971 0.449248
vt 0.288241 0.393500
vt 0.352943 0.396624
vt 0.316620 0.392657
vt 0.300856 0.457551
vt 0.391646 0.518556
vt 0.421666 0.480221
vt 0.295982 0.428476
vt 0.317388 0.410026
vt 0.318501 0.426783
vt 0.302468 0.410198
vt 0.302254 0.392651
vt 0.300974 0.427917
vt 0.301176 0.447949
vt 0.878587 0.953439
vt 0.867906 0.950426
vt 0.871937 0.941776
vt 0.868405 0.965789
vt 0.874768 0.965931
vt 0.740647 0.849484
vt 0.738545 0.843998
vt 0.752626 0.839851
vt 0.741567 0.829649
vt 0.757447 0.824886
vt 0.769124 0.831046
vt 0.760812 0.844753
vt 0.765274 0.861230
vt 0.771776 0.866647
vt 0.761501 0.884802
vt 0.758556 0.875898
vt 0.745092 0.875513
vt 0.742271 0.884390
vt 0.730431 0.865781
vt 0.736871 0.862526
vt 0.729866 0.844595
vt 0.284977 0.977132
vt 0.284268 0.955950
vt 0.290539 0.964637
vt 0.571768 0.507333
vt 0.646887 0.542593
vt 0.572062 0.589873
vt 0.464928 0.087760
vt 0.442845 0.077034
vt 0.635229 0.497526
vt 0.405107 0.025174
vt 0.518020 0.024915
vt 0.432397 0.118932
vt 0.139084 0.301866
vt 0.540665 0.068208
vt 0.074521 0.097259
vt 0.465543 0.101433
vt 0.372983 0.244971
vt 0.537082 0.090918
vt 0.461778 0.118191
vt 0.525980 0.121822
vt 0.462475 0.136562
vt 0.542959 0.185264
vt 0.482363 0.193326
vt 0.542530 0.241187
vt 0.459091 0.236772
vt 0.546902 0.268050
vt 0.957877 0.934835
vt 0.948510 0.929634
vt 0.945237 0.907820
vt 0.964789 0.911276
vt 0.954812 0.891135
vt 0.306830 0.179799
vt 0.094490 0.286951
vt 0.185779 0.104022
vt 0.650607 0.969128
vt 0.657566 0.966085
vt 0.655113 0.983082
vt 0.068709 0.842295
vt 0.042414 0.753235
vt 0.082442 0.732425
vt 0.034112 0.813427
vt 0.017861 0.841769
vt 0.023823 0.806565
vt 0.041853 0.855909
vt 0.020359 0.862483
vt 0.130740 0.937157
vt 0.121742 0.928672
vt 0.129130 0.917729
vt 0.144098 0.910592
vt 0.140694 0.951833
vt 0.811601 0.617078
vt 0.673257 0.633670
vt 0.680722 0.617583
vt 0.749056 0.534719
vt 0.820167 0.572784
vt 0.820162 0.496659
vt 0.811590 0.452389
vt 0.680706 0.451898
vt 0.673239 0.435818
vt 0.355859 0.708845
vt 0.368479 0.722212
vt 0.332059 0.742700
vt 0.418411 0.755740
vt 0.420608 0.804978
vt 0.331383 0.850101
vt 0.319027 0.981025
vt 0.723740 0.978631
vt 0.293540 0.358257
vt 0.631416 0.849578
vt 0.639934 0.842614
vt 0.641108 0.861013
vt 0.633484 0.864416
vt 0.631677 0.871213
vt 0.629611 0.865653
vt 0.644305 0.883938
vt 0.627926 0.870272
vt 0.633630 0.894128
vt 0.569496 0.969844
vt 0.570784 0.983368
vt 0.559935 0.985194
vt 0.560819 0.968270
vt 0.832667 0.946368
vt 0.112877 0.984016
vt 0.304424 0.873063
vt 0.515695 0.916672
vt 0.516045 0.946311
vt 0.510967 0.933081
vt 0.525914 0.897602
vt 0.526681 0.878064
vt 0.540761 0.895885
vt 0.539984 0.878956
vt 0.539059 0.864815
vt 0.527654 0.863530
vt 0.539082 0.850287
vt 0.527779 0.849577
vt 0.315907 0.375392
vt 0.301029 0.376462
vt 0.315760 0.358623
vt 0.298193 0.358923
vt 0.191691 0.987387
vt 0.296736 0.338964
vt 0.306869 0.923642
vt 0.303148 0.924693
vt 0.299308 0.908293
vt 0.309648 0.905322
vt 0.304267 0.894197
vt 0.704257 0.863829
vt 0.707304 0.877450
vt 0.697810 0.865412
vt 0.698583 0.884952
vt 0.707962 0.892001
vt 0.699470 0.909378
vt 0.703211 0.910968
vt 0.539967 0.940776
vt 0.535653 0.938419
vt 0.535429 0.919893
vt 0.539921 0.916334
vt 0.626434 0.973001
vt 0.622513 0.987240
vt 0.618588 0.973005
vt 0.897990 0.953542
vt 0.904648 0.940360
vt 0.905294 0.963509
vt 0.230483 0.966433
vt 0.225676 0.969551
vt 0.227557 0.946467
vt 0.956582 0.954328
vt 0.961306 0.954985
vt 0.958826 0.974376
vt 0.329781 0.960679
vt 0.321972 0.954088
vt 0.342292 0.953620
vt 0.330395 0.934521
vt 0.302313 0.393957
vt 0.196465 0.988476
vt 0.194344 0.973315
vt 0.675003 0.989940
vt 0.441229 0.985555
vt 0.439162 0.966778
vt 0.447839 0.972356
vt 0.494903 0.969455
vt 0.481274 0.978213
vt 0.476845 0.972724
vt 0.494143 0.982170
vt 0.488011 0.962686
vt 0.949685 0.854310
vt 0.954662 0.870626
vt 0.945334 0.854060
vt 0.947561 0.834655
vt 0.952962 0.835446
vt 0.955557 0.822455
vt 0.948589 0.817922
vt 0.137671 0.973413
vt 0.139791 0.988575
vt 0.135017 0.987487
vt 0.500682 0.549363
vt 0.516167 0.503845
vt 0.465720 0.005777
vt 0.311407 0.868555
vt 0.717129 0.965436
vt 0.293540 0.358257
vt 0.144168 0.005332
vt 0.352729 0.386496
vt 0.830074 0.952827
vt 0.027457 0.928542
vt 0.017861 0.919243
vt 0.027483 0.908189
vt 0.018660 0.899607
vt 0.036085 0.916906
vt 0.027785 0.886887
vt 0.036470 0.900284
vt 0.025834 0.884091
vt 0.210232 0.879024
vt 0.197288 0.890553
vt 0.202179 0.877050
vt 0.204644 0.894422
vt 0.206687 0.861485
vt 0.212393 0.859477
vt 0.201111 0.845448
vt 0.198659 0.847834
vt 0.252112 0.966926
vt 0.262114 0.963182
vt 0.258926 0.976623
vt 0.254042 0.956205
vt 0.260079 0.954194
vt 0.637728 0.929388
vt 0.632002 0.929896
vt 0.626649 0.922394
vt 0.641021 0.943040
vt 0.629028 0.914542
vt 0.628001 0.943115
vt 0.631485 0.951483
vt 0.618522 0.944274
vt 0.647892 0.634058
vt 0.080213 0.971977
vt 0.681784 0.979362
vt 0.572162 0.670441
vt 0.500130 0.627870
vt 0.635621 0.679125
vt 0.515913 0.673191
vt 0.086894 0.968930
vt 0.308833 0.855560
vt 0.229258 0.299838
vt 0.303432 0.856348
vt 0.294359 0.100088
vt 0.224443 0.005827
vt 0.273856 0.286254
vt 0.305536 0.836703
vt 0.084545 0.985845
vt 0.115225 0.967101
vt 0.108545 0.970150
vt 0.087841 0.935760
vt 0.090871 0.924281
vt 0.095502 0.932629
vt 0.080190 0.929417
vt 0.086524 0.948436
vt 0.099859 0.946890
vt 0.100594 0.929834
vt 0.094763 0.914791
vt 0.090955 0.918507
vt 0.768295 0.979143
vt 0.752727 0.976738
vt 0.763505 0.969358
vt 0.761319 0.986221
vt 0.669049 0.899336
vt 0.668417 0.913773
vt 0.663888 0.910980
vt 0.673478 0.901290
vt 0.673341 0.885917
vt 0.668923 0.885292
vt 0.665115 0.868513
vt 0.830288 0.986796
vt 0.826684 0.993477
vt 0.824541 0.985558
vt 0.048080 0.946782
vt 0.054676 0.935093
vt 0.058748 0.943722
vt 0.058238 0.959089
vt 0.051880 0.959269
vt 0.441818 0.856235
vt 0.429865 0.846581
vt 0.443936 0.850748
vt 0.440933 0.836392
vt 0.425053 0.831614
vt 0.413371 0.837768
vt 0.421678 0.851480
vt 0.417212 0.867957
vt 0.410709 0.873374
vt 0.420991 0.891528
vt 0.423934 0.882622
vt 0.437398 0.882235
vt 0.440222 0.891111
vt 0.452060 0.872499
vt 0.445618 0.869246
vt 0.452619 0.851313
vt 0.597790 0.969056
vt 0.592230 0.956558
vt 0.598500 0.947871
vt 0.725548 0.184692
vt 0.726330 0.266673
vt 0.703464 0.195415
vt 0.778633 0.247536
vt 0.665717 0.247266
vt 0.801275 0.204240
vt 0.693025 0.153513
vt 0.726143 0.171014
vt 0.567472 0.092621
vt 0.797685 0.181530
vt 0.633636 0.027463
vt 0.722381 0.154256
vt 0.786585 0.150631
vt 0.723081 0.135885
vt 0.803572 0.087195
vt 0.742977 0.079125
vt 0.803151 0.031276
vt 0.719711 0.035683
vt 0.807528 0.004420
vt 0.768905 0.949420
vt 0.781544 0.922407
vt 0.778270 0.944221
vt 0.761998 0.925860
vt 0.771970 0.905724
vt 0.732200 0.355958
vt 0.633123 0.285653
vt 0.726185 0.290983
vt 0.641699 0.378278
vt 0.549284 0.340134
vt 0.558177 0.447146
vt 0.643277 0.427532
vt 0.596059 0.464782
vt 0.848125 0.950513
vt 0.315531 0.994134
vt 0.308743 0.983553
vt 0.368711 0.970208
vt 0.364205 0.984165
vt 0.361752 0.967165
vt 0.804075 0.899597
vt 0.790341 0.789747
vt 0.830356 0.810536
vt 0.592213 0.848695
vt 0.602499 0.841832
vt 0.608460 0.877035
vt 0.584473 0.891176
vt 0.605961 0.897749
vt 0.575192 0.933880
vt 0.576807 0.914454
vt 0.584190 0.925400
vt 0.561841 0.907311
vt 0.565239 0.948552
vt 0.429096 0.911715
vt 0.419741 0.952022
vt 0.410721 0.911223
vt 0.310511 0.820390
vt 0.301186 0.836951
vt 0.840541 0.964000
vt 0.102517 0.849621
vt 0.092796 0.861034
vt 0.094015 0.842638
vt 0.100427 0.864428
vt 0.102243 0.871221
vt 0.089631 0.883963
vt 0.104301 0.865659
vt 0.100320 0.894135
vt 0.105992 0.870275
vt 0.397661 0.983726
vt 0.388120 0.968347
vt 0.398967 0.970198
vt 0.388997 0.985286
vt 0.843629 0.938775
vt 0.715062 0.984210
vt 0.842692 0.959602
vt 0.808892 0.951053
vt 0.802506 0.935223
vt 0.806201 0.921548
vt 0.801673 0.949720
vt 0.960036 0.739746
vt 0.945576 0.757253
vt 0.945230 0.737708
vt 0.958896 0.756651
vt 0.957662 0.770764
vt 0.946232 0.771801
vt 0.957367 0.785285
vt 0.946052 0.785748
vt 0.947159 0.799658
vt 0.958626 0.799758
vt 0.826478 0.904754
vt 0.831207 0.888343
vt 0.831558 0.917984
vt 0.342446 0.871327
vt 0.333288 0.885778
vt 0.338858 0.869886
vt 0.343252 0.889830
vt 0.336719 0.900317
vt 0.344350 0.912957
vt 0.336795 0.915078
vt 0.959781 0.701072
vt 0.953221 0.700158
vt 0.961413 0.687203
vt 0.957905 0.714913
vt 0.951955 0.680651
vt 0.947161 0.718753
vt 0.960546 0.672662
vt 0.950278 0.656271
vt 0.953833 0.654299
vt 0.277456 0.890180
vt 0.273038 0.911086
vt 0.273155 0.892563
vt 0.277549 0.914620
vt 0.272858 0.934238
vt 0.277628 0.934168
vt 0.050272 0.981340
vt 0.046350 0.995580
vt 0.042425 0.981344
vt 0.168741 0.966077
vt 0.161436 0.956108
vt 0.168094 0.942924
vt 0.019745 0.950588
vt 0.022671 0.970553
vt 0.017864 0.973672
vt 0.537734 0.981587
vt 0.535490 0.961537
vt 0.540214 0.962194
vt 0.677084 0.951736
vt 0.697404 0.952199
vt 0.689596 0.958793
vt 0.688978 0.932637
vt 0.302313 0.393957
vt 0.685284 0.992457
vn -0.534713 0.123189 -0.836006
vn -0.534713 0.123189 -0.836006
vn -0.534713 0.123189 -0.836006
vn 0.027744 0.645306 -0.763421
vn 0.027744 0.645306 -0.763421
vn 0.027744 0.645306 -0.763421
vn 0.176001 0.489768 -0.853903
vn 0.176001 0.489768 -0.853903
vn 0.176001 0.489768 -0.853903
vn 0.138047 -0.184312 -0.973125
vn 0.138047 -0.184312 -0.973125
vn 0.138047 -0.184312 -0.973125
vn 0.032542 -0.278083 -0.960006
vn 0.032542 -0.278083 -0.960006
vn 0.032542 -0.278083 -0.960006
vn -0.530317 0.270913 -0.803349
vn -0.530317 0.270913 -0.803349
vn -0.530317 0.270913 -0.803349
vn -0.741634 -0.655288 -0.143449
vn -0.741634 -0.655288 -0.143449
vn -0.741634 -0.655288 -0.143449
vn -0.706709 -0.648993 -0.281727
vn -0.706709 -0.648993 -0.281727
vn -0.706709 -0.648993 -0.281727
vn -0.487991 0.864666 -0.119236
vn -0.487991 0.864666 -0.119237
vn -0.487991 0.864666 -0.119237
vn -0.500516 0.860298 -0.096811
vn -0.500516 0.860297 -0.096811
vn -0.500516 0.860297 -0.096811
vn -0.029911 0.976681 -0.212604
vn -0.029911 0.976681 -0.212604
vn -0.029911 0.976681 -0.212604
vn 0.004793 0.989941 -0.141403
vn 0.004793 0.989941 -0.141403
vn 0.004793 0.989941 -0.141403
vn -0.560647 -0.484591 -0.671451
vn -0.560647 -0.484591 -0.671451
vn -0.560647 -0.484591 -0.671451
vn -0.347345 -0.937669 -0.011324
vn -0.347346 -0.937669 -0.011324
vn -0.347346 -0.937669 -0.011324
vn -0.988908 -0.138255 -0.054275
vn -0.988908 -0.138255 -0.054275
vn -0.988908 -0.138255 -0.054275
vn -0.464795 -0.529902 0.709344
vn -0.464795 -0.529902 0.709344
vn -0.464795 -0.529903 0.709344
vn -0.673841 -0.638818 0.371281
vn -0.673841 -0.638818 0.371281
vn -0.673841 -0.638818 0.371281
vn -0.976216 0.004377 -0.216756
vn -0.976216 0.004377 -0.216756
vn -0.976216 0.004377 -0.216756
vn -0.382453 -0.388865 -0.838161
vn -0.382453 -0.388865 -0.838161
vn -0.382453 -0.388865 -0.838161
vn -0.378379 0.608913 0.697176
vn -0.378379 0.608913 0.697176
vn -0.378379 0.608913 0.697176
vn -0.993758 0.096451 -0.056057
vn -0.993758 0.096451 -0.056057
vn -0.993758 0.096451 -0.056057
vn -0.173580 0.637865 -0.750332
vn -0.173580 0.637865 -0.750332
vn -0.173580 0.637865 -0.750332
vn -0.939993 0.114106 -0.321548
vn -0.939993 0.114106 -0.321548
vn -0.939993 0.114106 -0.321548
vn -0.302707 0.552794 -0.776394
vn -0.302707 0.552794 -0.776394
vn -0.302707 0.552794 -0.776394
vn -0.468784 -0.763484 -0.444222
vn -0.468784 -0.763484 -0.444222
vn -0.468784 -0.763484 -0.444222
vn -0.987011 -0.073991 -0.142599
vn -0.987011 -0.073991 -0.142599
vn -0.987011 -0.073991 -0.142599
vn -0.979270 -0.168076 -0.113051
vn -0.979270 -0.168076 -0.113051
vn -0.979270 -0.168076 -0.113051
vn -0.972095 -0.101441 -0.211521
vn -0.972095 -0.101441 -0.211521
vn -0.972095 -0.101441 -0.211521
vn -0.228758 0.127893 -0.965046
vn -0.228758 0.127893 -0.965046
vn -0.228758 0.127893 -0.965046
vn -0.234003 -0.818466 0.524744
vn -0.234003 -0.818466 0.524744
vn -0.234003 -0.818466 0.524744
vn -0.313477 -0.860882 -0.400767
vn -0.313477 -0.860882 -0.400767
vn -0.313477 -0.860882 -0.400767
vn -0.234007 -0.818464 0.524745
vn -0.234007 -0.818464 0.524745
vn -0.234007 -0.818464 0.524745
vn -0.471875 0.833863 -0.286367
vn -0.471875 0.833863 -0.286367
vn -0.471875 0.833863 -0.286368
vn -0.892261 -0.055573 -0.448086
vn -0.892261 -0.055573 -0.448086
vn -0.892261 -0.055573 -0.448086
vn -0.237437 -0.633211 0.736660
vn -0.237437 -0.633211 0.736660
vn -0.237437 -0.633211 0.736660
vn -0.216027 -0.090453 -0.972189
vn -0.216027 -0.090453 -0.972189
vn -0.216026 -0.090453 -0.972189
vn -0.116300 0.550554 -0.826659
vn -0.116300 0.550554 -0.826659
vn -0.116300 0.550554 -0.826659
vn 0.458792 -0.143257 -0.876920
vn 0.458792 -0.143257 -0.876920
vn 0.458792 -0.143257 -0.876920
vn -0.173189 0.602094 -0.779416
vn -0.173189 0.602094 -0.779416
vn -0.173189 0.602094 -0.779416
vn -0.857469 0.022274 -0.514053
vn -0.857469 0.022274 -0.514053
vn -0.857469 0.022274 -0.514054
vn -0.575987 -0.020346 -0.817206
vn -0.575987 -0.020346 -0.817206
vn -0.575987 -0.020346 -0.817206
vn -0.167819 0.126094 -0.977720
vn -0.167819 0.126094 -0.977720
vn -0.167819 0.126094 -0.977720
vn -0.165399 -0.265086 -0.949933
vn -0.165399 -0.265086 -0.949933
vn -0.165399 -0.265086 -0.949933
vn -0.578666 -0.060657 -0.813306
vn -0.578666 -0.060657 -0.813306
vn -0.578666 -0.060657 -0.813306
vn -0.467860 0.089917 -0.879217
vn -0.467860 0.089917 -0.879216
vn -0.467860 0.089917 -0.879216
vn -0.184973 0.109548 -0.976619
vn -0.184973 0.109548 -0.976619
vn -0.184973 0.109548 -0.976619
vn -0.168172 0.975707 -0.140410
vn -0.168172 0.975707 -0.140410
vn -0.168172 0.975707 -0.140410
vn -0.500253 0.540390 0.676555
vn -0.500253 0.540390 0.676555
vn -0.500253 0.540390 0.676555
vn -0.854334 0.471580 0.218464
vn -0.854334 0.471580 0.218464
vn -0.854334 0.471580 0.218464
vn -0.442498 0.549846 -0.708424
vn -0.442498 0.549846 -0.708424
vn -0.442498 0.549846 -0.708424
vn -0.591213 -0.014502 -0.806385
vn -0.591213 -0.014502 -0.806385
vn -0.591213 -0.014502 -0.806385
vn -0.969941 -0.042446 -0.239610
vn -0.969941 -0.042446 -0.239610
vn -0.969941 -0.042446 -0.239610
vn -0.937578 -0.110814 -0.329648
vn -0.937578 -0.110814 -0.329648
vn -0.937578 -0.110814 -0.329648
vn -0.996566 -0.081437 -0.014950
vn -0.996566 -0.081437 -0.014950
vn -0.996566 -0.081437 -0.014950
vn -0.996609 -0.079677 -0.020566
vn -0.996609 -0.079677 -0.020566
vn -0.996609 -0.079677 -0.020566
vn -0.986787 0.131944 -0.094035
vn -0.986787 0.131944 -0.094035
vn -0.986787 0.131944 -0.094035
vn -0.995296 0.042368 -0.087131
vn -0.995296 0.042368 -0.087131
vn -0.995296 0.042368 -0.087131
vn -0.918748 0.184856 -0.348900
vn -0.918747 0.184856 -0.348900
vn -0.918748 0.184856 -0.348900
vn -0.924884 0.158614 -0.345588
vn -0.924884 0.158614 -0.345588
vn -0.924884 0.158614 -0.345588
vn -0.032326 0.226370 -0.973505
vn -0.032326 0.226370 -0.973505
vn -0.032326 0.226370 -0.973505
vn -0.749736 -0.124831 -0.649856
vn -0.749736 -0.124831 -0.649856
vn -0.749736 -0.124831 -0.649856
vn -0.999285 -0.021330 -0.031221
vn -0.999285 -0.021330 -0.031221
vn -0.999285 -0.021330 -0.031221
vn -0.999562 -0.026212 -0.013755
vn -0.999562 -0.026212 -0.013755
vn -0.999562 -0.026212 -0.013755
vn -0.547509 0.752582 0.365861
vn -0.547509 0.752582 0.365861
vn -0.547509 0.752582 0.365861
vn -0.290066 0.918882 0.267427
vn -0.290066 0.918882 0.267427
vn -0.290066 0.918882 0.267427
vn -0.980440 0.195283 0.024537
vn -0.980440 0.195283 0.024537
vn -0.980440 0.195283 0.024537
vn -0.979654 0.196948 0.038588
vn -0.979654 0.196948 0.038588
vn -0.979654 0.196948 0.038588
vn 0.455532 0.775560 -0.437033
vn 0.455532 0.775560 -0.437033
vn 0.455532 0.775560 -0.437033
vn 0.507224 0.759719 0.406879
vn 0.507224 0.759719 0.406879
vn 0.507224 0.759719 0.406879
vn 0.608552 0.078021 0.789669
vn 0.608552 0.078021 0.789669
vn 0.608552 0.078021 0.789669
vn 0.658112 0.713673 -0.239915
vn 0.658112 0.713673 -0.239915
vn 0.658112 0.713673 -0.239915
vn -0.245080 0.441789 -0.862994
vn -0.245080 0.441789 -0.862994
vn -0.245080 0.441789 -0.862994
vn -0.912290 -0.380294 -0.152001
vn -0.912290 -0.380294 -0.152001
vn -0.912290 -0.380294 -0.152001
vn -0.619434 -0.128173 -0.774515
vn -0.619434 -0.128173 -0.774515
vn -0.619434 -0.128173 -0.774515
vn -0.801472 -0.027327 -0.597407
vn -0.801473 -0.027327 -0.597407
vn -0.801473 -0.027327 -0.597407
vn -0.568257 -0.482070 -0.666853
vn -0.568257 -0.482070 -0.666853
vn -0.568257 -0.482070 -0.666853
vn -0.202163 0.320381 0.925466
vn -0.202163 0.320381 0.925465
vn -0.202163 0.320381 0.925465
vn -0.532077 0.389312 0.751885
vn -0.532077 0.389312 0.751885
vn -0.532077 0.389312 0.751885
vn -0.746859 -0.664334 0.029366
vn -0.746859 -0.664334 0.029366
vn -0.746859 -0.664334 0.029366
vn -0.529413 -0.848358 -0.003289
vn -0.529413 -0.848358 -0.003289
vn -0.529413 -0.848358 -0.003289
vn -0.952778 -0.280585 -0.116131
vn -0.952778 -0.280585 -0.116131
vn -0.952778 -0.280585 -0.116131
vn -0.968497 -0.203349 -0.143746
vn -0.968497 -0.203349 -0.143746
vn -0.968497 -0.203349 -0.143746
vn -0.931082 -0.023281 -0.364066
vn -0.931082 -0.023281 -0.364066
vn -0.931082 -0.023281 -0.364066
vn -0.934612 -0.097744 -0.341973
vn -0.934613 -0.097744 -0.341973
vn -0.934613 -0.097744 -0.341973
vn -0.460818 0.100489 -0.881787
vn -0.460818 0.100489 -0.881787
vn -0.460818 0.100489 -0.881787
vn -0.969169 -0.200945 -0.142591
vn -0.969169 -0.200945 -0.142591
vn -0.969169 -0.200945 -0.142591
vn -0.240081 -0.838271 0.489554
vn -0.240081 -0.838271 0.489555
vn -0.240081 -0.838271 0.489554
vn -0.107264 -0.791843 0.601232
vn -0.107264 -0.791843 0.601232
vn -0.107264 -0.791843 0.601232
vn -0.951414 -0.183367 -0.247361
vn -0.951414 -0.183367 -0.247361
vn -0.951414 -0.183367 -0.247361
vn 0.824443 -0.522534 -0.217377
vn 0.824443 -0.522534 -0.217377
vn 0.824443 -0.522534 -0.217377
vn -0.986773 0.162092 0.002211
vn -0.986773 0.162092 0.002211
vn -0.986773 0.162092 0.002211
vn -0.173613 -0.489404 0.854601
vn -0.173613 -0.489404 0.854601
vn -0.173613 -0.489404 0.854601
vn 0.323361 -0.939918 0.109504
vn 0.323361 -0.939918 0.109504
vn 0.323361 -0.939918 0.109504
vn -0.986363 0.092954 0.135823
vn -0.986363 0.092954 0.135823
vn -0.986363 0.092954 0.135823
vn 0.663481 -0.019682 0.747935
vn 0.663481 -0.019682 0.747935
vn 0.663481 -0.019682 0.747935
vn -0.783488 -0.511959 0.352199
vn -0.783488 -0.511959 0.352199
vn -0.783488 -0.511959 0.352199
vn -0.312085 -0.932631 -0.181115
vn -0.312085 -0.932631 -0.181115
vn -0.312085 -0.932631 -0.181115
vn -0.766632 -0.528057 0.365282
vn -0.766632 -0.528057 0.365282
vn -0.766632 -0.528057 0.365282
vn 0.238469 -0.251349 -0.938060
vn 0.238469 -0.251349 -0.938060
vn 0.238469 -0.251349 -0.938060
vn -0.877907 -0.309450 0.365404
vn -0.877907 -0.309451 0.365404
vn -0.877907 -0.309450 0.365404
vn 0.187513 -0.275056 -0.942965
vn 0.187513 -0.275056 -0.942965
vn 0.187513 -0.275056 -0.942965
vn 0.171487 -0.254850 -0.951653
vn 0.171487 -0.254850 -0.951653
vn 0.171487 -0.254850 -0.951653
vn -0.651070 0.391450 -0.650288
vn -0.651070 0.391450 -0.650288
vn -0.651070 0.391450 -0.650288
vn -0.269858 -0.138800 -0.952844
vn -0.269858 -0.138800 -0.952844
vn -0.269858 -0.138800 -0.952844
vn -0.049289 -0.618903 -0.783920
vn -0.049289 -0.618903 -0.783920
vn -0.049289 -0.618903 -0.783920
vn -0.229086 -0.541558 -0.808848
vn -0.229086 -0.541558 -0.808848
vn -0.229086 -0.541558 -0.808848
vn -0.090425 0.403919 -0.910315
vn -0.090425 0.403919 -0.910315
vn -0.090425 0.403919 -0.910315
vn 0.849355 0.361480 -0.384614
vn 0.849355 0.361480 -0.384614
vn 0.849355 0.361480 -0.384614
vn -0.399531 0.844756 -0.356037
vn -0.399531 0.844756 -0.356037
vn -0.399531 0.844756 -0.356037
vn -0.370925 0.864258 -0.339814
vn -0.370925 0.864258 -0.339814
vn -0.370925 0.864258 -0.339814
vn -0.020123 -0.452588 -0.891493
vn -0.020123 -0.452588 -0.891493
vn -0.020123 -0.452588 -0.891493
vn -0.111627 0.850398 -0.514163
vn -0.111627 0.850398 -0.514163
vn -0.111627 0.850398 -0.514163
vn -0.091650 0.886568 -0.453429
vn -0.091650 0.886568 -0.453429
vn -0.091650 0.886568 -0.453429
vn 0.852427 -0.476682 -0.214809
vn 0.852427 -0.476682 -0.214809
vn 0.852427 -0.476682 -0.214809
vn -0.569714 0.189721 -0.799645
vn -0.569714 0.189721 -0.799645
vn -0.569714 0.189721 -0.799645
vn 0.532688 -0.705382 -0.467633
vn 0.532688 -0.705382 -0.467633
vn 0.532688 -0.705382 -0.467633
vn 0.763089 0.215135 -0.609436
vn 0.763089 0.215135 -0.609436
vn 0.763089 0.215135 -0.609436
vn -0.464545 0.002300 -0.885546
vn -0.464545 0.002300 -0.885546
vn -0.464545 0.002300 -0.885546
vn -0.539531 0.093438 -0.836765
vn -0.539531 0.093438 -0.836765
vn -0.539531 0.093438 -0.836765
vn 0.012853 0.101290 -0.994774
vn 0.012853 0.101290 -0.994774
vn 0.012853 0.101290 -0.994774
vn -0.185140 -0.136773 -0.973148
vn -0.185140 -0.136773 -0.973148
vn -0.185140 -0.136773 -0.973148
vn 0.840892 -0.217202 -0.495706
vn 0.840892 -0.217202 -0.495706
vn 0.840892 -0.217202 -0.495706
vn -0.130339 0.853462 -0.504594
vn -0.130339 0.853462 -0.504594
vn -0.130339 0.853462 -0.504594
vn -0.017883 0.055371 -0.998306
vn -0.017883 0.055371 -0.998306
vn -0.017883 0.055371 -0.998306
vn -0.165302 -0.138046 -0.976534
vn -0.165302 -0.138046 -0.976534
vn -0.165302 -0.138046 -0.976534
vn -0.160075 0.044026 -0.986123
vn -0.160075 0.044026 -0.986123
vn -0.160075 0.044026 -0.986123
vn -0.028990 0.177095 -0.983767
vn -0.028990 0.177096 -0.983767
vn -0.028990 0.177096 -0.983767
vn -0.154352 -0.918196 -0.364818
vn -0.154352 -0.918196 -0.364818
vn -0.154352 -0.918196 -0.364818
vn -0.048954 0.984371 -0.169166
vn -0.048954 0.984371 -0.169166
vn -0.048954 0.984371 -0.169166
vn 0.813965 -0.195258 -0.547116
vn 0.813965 -0.195258 -0.547116
vn 0.813965 -0.195258 -0.547116
vn 0.684345 -0.237170 -0.689508
vn 0.684345 -0.237170 -0.689508
vn 0.684345 -0.237170 -0.689508
vn 0.013376 -0.975313 -0.220420
vn 0.013376 -0.975314 -0.220420
vn 0.013376 -0.975313 -0.220420
vn 0.064900 -0.963932 -0.258114
vn 0.064900 -0.963932 -0.258114
vn 0.064900 -0.963932 -0.258114
vn -0.141276 0.981412 -0.129891
vn -0.141276 0.981412 -0.129891
vn -0.141276 0.981412 -0.129891
vn -0.050448 0.998549 -0.018822
vn -0.050448 0.998549 -0.018822
vn -0.050448 0.998549 -0.018822
vn 0.004042 0.996437 -0.084245
vn 0.004042 0.996437 -0.084245
vn 0.004042 0.996437 -0.084245
vn -0.218626 0.337987 -0.915406
vn -0.218626 0.337987 -0.915406
vn -0.218626 0.337987 -0.915406
vn -0.056897 -0.984174 -0.167821
vn -0.056897 -0.984174 -0.167821
vn -0.056897 -0.984174 -0.167821
vn -0.011294 -0.945280 -0.326063
vn -0.011294 -0.945281 -0.326063
vn -0.011294 -0.945281 -0.326063
vn -0.070879 0.989904 -0.122745
vn -0.070879 0.989904 -0.122745
vn -0.070879 0.989904 -0.122745
vn -0.219042 0.240788 -0.945538
vn -0.219042 0.240788 -0.945538
vn -0.219042 0.240788 -0.945538
vn -0.201555 0.255240 -0.945636
vn -0.201555 0.255240 -0.945636
vn -0.201555 0.255240 -0.945636
vn -0.201374 0.170003 -0.964649
vn -0.201374 0.170003 -0.964649
vn -0.201374 0.170003 -0.964649
vn -0.827565 0.247070 -0.504076
vn -0.827565 0.247070 -0.504076
vn -0.827565 0.247070 -0.504076
vn -0.157521 0.585147 -0.795481
vn -0.157521 0.585147 -0.795481
vn -0.157521 0.585147 -0.795481
vn -0.151659 0.155058 -0.976195
vn -0.151659 0.155058 -0.976195
vn -0.151659 0.155058 -0.976195
vn -0.172500 0.576622 -0.798593
vn -0.172500 0.576622 -0.798593
vn -0.172500 0.576622 -0.798593
vn -0.800052 0.390046 -0.455830
vn -0.800052 0.390046 -0.455830
vn -0.800052 0.390046 -0.455830
vn -0.655031 0.599180 -0.460346
vn -0.655031 0.599180 -0.460346
vn -0.655031 0.599180 -0.460346
vn -0.268960 0.084932 -0.959399
vn -0.268960 0.084932 -0.959399
vn -0.268960 0.084932 -0.959399
vn -0.237836 0.044994 -0.970263
vn -0.237836 0.044994 -0.970263
vn -0.237836 0.044994 -0.970263
vn 0.491144 -0.810615 -0.318874
vn 0.491144 -0.810615 -0.318874
vn 0.491144 -0.810615 -0.318874
vn -0.144195 -0.789472 -0.596609
vn -0.144195 -0.789472 -0.596609
vn -0.144195 -0.789472 -0.596609
vn -0.180999 -0.812070 -0.554781
vn -0.180999 -0.812070 -0.554782
vn -0.180999 -0.812070 -0.554782
vn -0.120283 -0.660321 -0.741288
vn -0.120283 -0.660321 -0.741288
vn -0.120283 -0.660321 -0.741288
vn 0.161141 -0.141590 -0.976722
vn 0.161141 -0.141590 -0.976722
vn 0.161141 -0.141590 -0.976722
vn 0.175164 -0.168796 -0.969962
vn 0.175164 -0.168796 -0.969962
vn 0.175164 -0.168796 -0.969962
vn -0.419072 0.509479 -0.751538
vn -0.419072 0.509479 -0.751539
vn -0.419072 0.509479 -0.751539
vn -0.377890 0.499152 -0.779773
vn -0.377890 0.499152 -0.779773
vn -0.377890 0.499152 -0.779773
vn -0.636177 0.499740 -0.587825
vn -0.636177 0.499741 -0.587825
vn -0.636177 0.499740 -0.587825
vn -0.711744 0.050337 -0.700633
vn -0.711744 0.050337 -0.700633
vn -0.711744 0.050337 -0.700634
vn -0.175983 -0.726605 -0.664136
vn -0.175983 -0.726605 -0.664136
vn -0.175983 -0.726605 -0.664136
vn -0.003187 0.554887 -0.831920
vn -0.003187 0.554887 -0.831920
vn -0.003187 0.554887 -0.831920
vn -0.003368 0.596023 -0.802960
vn -0.003368 0.596023 -0.802960
vn -0.003368 0.596023 -0.802960
vn -0.010023 0.556672 -0.830672
vn -0.010023 0.556672 -0.830672
vn -0.010023 0.556672 -0.830672
vn 0.000781 0.563263 -0.826277
vn 0.000781 0.563263 -0.826278
vn 0.000781 0.563263 -0.826278
vn 0.773743 -0.621646 -0.121975
vn 0.773743 -0.621646 -0.121975
vn 0.773743 -0.621646 -0.121975
vn -0.471788 -0.380776 -0.795252
vn -0.471788 -0.380776 -0.795252
vn -0.471788 -0.380776 -0.795252
vn -0.026914 0.559394 -0.828465
vn -0.026914 0.559394 -0.828465
vn -0.026914 0.559394 -0.828465
vn -0.549743 -0.775185 -0.311240
vn -0.549743 -0.775185 -0.311240
vn -0.549743 -0.775185 -0.311240
vn -0.250356 -0.533693 -0.807771
vn -0.250356 -0.533693 -0.807771
vn -0.250356 -0.533693 -0.807771
vn -0.005550 -0.999711 0.023387
vn -0.005550 -0.999711 0.023387
vn -0.005550 -0.999711 0.023387
vn -0.804149 -0.571860 -0.162237
vn -0.804149 -0.571860 -0.162237
vn -0.804149 -0.571860 -0.162237
vn 0.352937 -0.739710 -0.572945
vn 0.352937 -0.739710 -0.572945
vn 0.352937 -0.739710 -0.572945
vn 0.438996 -0.801279 -0.406492
vn 0.438996 -0.801278 -0.406492
vn 0.438996 -0.801278 -0.406492
vn -0.015484 -0.916229 -0.400356
vn -0.015484 -0.916229 -0.400356
vn -0.015484 -0.916229 -0.400356
vn -0.018310 -0.911796 -0.410236
vn -0.018310 -0.911796 -0.410236
vn -0.018310 -0.911796 -0.410236
vn 0.286787 0.901114 -0.325186
vn 0.286787 0.901114 -0.325186
vn 0.286787 0.901114 -0.325186
vn 0.249739 0.889777 -0.382005
vn 0.249739 0.889777 -0.382005
vn 0.249739 0.889777 -0.382005
vn -0.638191 0.379350 -0.669929
vn -0.638191 0.379350 -0.669929
vn -0.638191 0.379350 -0.669929
vn -0.684507 0.407883 -0.604220
vn -0.684507 0.407883 -0.604220
vn -0.684507 0.407883 -0.604220
vn -0.637723 0.274699 -0.719618
vn -0.637723 0.274699 -0.719618
vn -0.637723 0.274699 -0.719618
vn -0.665657 0.236811 -0.707687
vn -0.665657 0.236811 -0.707687
vn -0.665657 0.236811 -0.707687
vn 0.102437 0.056134 -0.993154
vn 0.102437 0.056134 -0.993154
vn 0.102437 0.056134 -0.993154
vn -0.268148 0.503999 -0.821025
vn -0.268148 0.503999 -0.821025
vn -0.268148 0.503999 -0.821025
vn -0.362479 0.647580 -0.670261
vn -0.362479 0.647580 -0.670261
vn -0.362479 0.647580 -0.670261
vn -0.712380 0.486902 -0.505413
vn -0.712380 0.486902 -0.505413
vn -0.712380 0.486902 -0.505413
vn -0.796902 0.603670 0.023009
vn -0.796902 0.603670 0.023009
vn -0.796902 0.603670 0.023009
vn -0.941566 0.216921 -0.257681
vn -0.941566 0.216921 -0.257681
vn -0.941566 0.216921 -0.257681
vn -0.181903 0.539367 -0.822189
vn -0.181903 0.539367 -0.822189
vn -0.181903 0.539367 -0.822189
vn -0.792953 0.248120 -0.556473
vn -0.792953 0.248120 -0.556473
vn -0.792953 0.248120 -0.556473
vn -0.977883 0.205845 -0.037042
vn -0.977883 0.205845 -0.037042
vn -0.977883 0.205845 -0.037042
vn -0.051894 0.763186 -0.644092
vn -0.051894 0.763186 -0.644092
vn -0.051894 0.763186 -0.644092
vn -0.024296 0.715898 -0.697782
vn -0.024296 0.715898 -0.697782
vn -0.024296 0.715898 -0.697782
vn -0.258093 -0.287858 -0.922240
vn -0.258093 -0.287858 -0.922240
vn -0.258093 -0.287858 -0.922240
vn 0.031202 0.519012 -0.854197
vn 0.031202 0.519012 -0.854197
vn 0.031202 0.519012 -0.854197
vn 0.169693 0.689117 -0.704501
vn 0.169693 0.689117 -0.704501
vn 0.169693 0.689117 -0.704501
vn -0.599073 -0.071104 -0.797531
vn -0.599073 -0.071104 -0.797531
vn -0.599073 -0.071104 -0.797531
vn -0.172294 -0.070062 -0.982551
vn -0.172294 -0.070062 -0.982551
vn -0.172294 -0.070062 -0.982551
vn -0.924544 -0.123619 -0.360467
vn -0.924544 -0.123619 -0.360467
vn -0.924544 -0.123619 -0.360467
vn -0.970843 0.098286 -0.218640
vn -0.970843 0.098286 -0.218640
vn -0.970843 0.098286 -0.218640
vn -0.969478 0.144493 -0.198079
vn -0.969478 0.144493 -0.198079
vn -0.969478 0.144493 -0.198079
vn -0.472698 -0.024484 -0.880884
vn -0.472698 -0.024484 -0.880884
vn -0.472698 -0.024484 -0.880884
vn -0.179133 -0.108302 -0.977846
vn -0.179133 -0.108302 -0.977846
vn -0.179133 -0.108302 -0.977846
vn -0.088719 -0.141163 -0.986003
vn -0.088719 -0.141163 -0.986003
vn -0.088719 -0.141163 -0.986003
vn -0.476297 0.474461 -0.740290
vn -0.476297 0.474460 -0.740290
vn -0.476297 0.474460 -0.740290
vn -0.086864 0.473646 -0.876421
vn -0.086864 0.473646 -0.876421
vn -0.086864 0.473646 -0.876421
vn -0.510879 0.488573 -0.707319
vn -0.510879 0.488573 -0.707318
vn -0.510879 0.488573 -0.707319
vn -0.492204 0.857744 -0.148358
vn -0.492204 0.857744 -0.148358
vn -0.492204 0.857744 -0.148358
vn -0.292624 0.956075 -0.017110
vn -0.292624 0.956075 -0.017110
vn -0.292624 0.956075 -0.017110
vn -0.085525 0.378607 -0.921598
vn -0.085525 0.378607 -0.921598
vn -0.085525 0.378607 -0.921598
vn -0.178431 0.449602 -0.875226
vn -0.178431 0.449602 -0.875226
vn -0.178431 0.449602 -0.875226
vn 0.534859 0.123176 -0.835915
vn 0.534859 0.123176 -0.835915
vn 0.534859 0.123176 -0.835915
vn -0.027755 0.645304 -0.763422
vn -0.027755 0.645304 -0.763422
vn -0.027755 0.645304 -0.763422
vn -0.176066 0.489763 -0.853893
vn -0.176066 0.489763 -0.853893
vn -0.176066 0.489763 -0.853893
vn -0.138098 -0.184310 -0.973118
vn -0.138098 -0.184310 -0.973118
vn -0.138098 -0.184310 -0.973118
vn -0.032554 -0.278084 -0.960005
vn -0.032554 -0.278084 -0.960005
vn -0.032554 -0.278084 -0.960005
vn 0.530464 0.270884 -0.803262
vn 0.530464 0.270884 -0.803262
vn 0.530464 0.270884 -0.803262
vn 0.741762 -0.655150 -0.143416
vn 0.741762 -0.655150 -0.143416
vn 0.741762 -0.655150 -0.143416
vn 0.706843 -0.648868 -0.281678
vn 0.706843 -0.648868 -0.281678
vn 0.706843 -0.648868 -0.281678
vn 0.500659 0.860215 -0.096800
vn 0.500659 0.860215 -0.096800
vn 0.500659 0.860215 -0.096800
vn 0.488133 0.864587 -0.119226
vn 0.488133 0.864587 -0.119226
vn 0.488133 0.864587 -0.119226
vn 0.029923 0.976679 -0.212608
vn 0.029922 0.976679 -0.212608
vn 0.029923 0.976679 -0.212608
vn -0.004795 0.989940 -0.141407
vn -0.004795 0.989940 -0.141407
vn -0.004795 0.989940 -0.141407
vn 0.560794 -0.484531 -0.671372
vn 0.560794 -0.484531 -0.671372
vn 0.560794 -0.484531 -0.671372
vn 0.347462 -0.937626 -0.011323
vn 0.347462 -0.937626 -0.011323
vn 0.347462 -0.937626 -0.011323
vn 0.988916 -0.138203 -0.054263
vn 0.988916 -0.138202 -0.054263
vn 0.988916 -0.138202 -0.054263
vn 0.464935 -0.529860 0.709284
vn 0.464935 -0.529860 0.709284
vn 0.464935 -0.529860 0.709284
vn 0.673981 -0.638708 0.371217
vn 0.673981 -0.638708 0.371217
vn 0.673981 -0.638708 0.371217
vn 0.000000 0.898340 0.439300
vn 0.000000 0.898340 0.439300
vn 0.000000 0.898340 0.439300
vn 0.000000 0.370096 0.928994
vn 0.000000 0.370096 0.928994
vn 0.000000 0.370096 0.928994
vn -0.290066 0.918882 0.267427
vn -0.290066 0.918882 0.267427
vn -0.290066 0.918882 0.267427
vn 0.976234 0.004377 -0.216676
vn 0.976234 0.004377 -0.216676
vn 0.976234 0.004377 -0.216676
vn 0.382579 -0.388842 -0.838114
vn 0.382579 -0.388842 -0.838114
vn 0.382578 -0.388842 -0.838114
vn 0.378504 0.608879 0.697137
vn 0.378504 0.608879 0.697137
vn 0.378504 0.608879 0.697137
vn 0.993763 0.096414 -0.056036
vn 0.993763 0.096414 -0.056036
vn 0.993763 0.096414 -0.056036
vn 0.173645 0.637857 -0.750323
vn 0.173645 0.637857 -0.750324
vn 0.173645 0.637858 -0.750323
vn 0.940034 0.114067 -0.321442
vn 0.940034 0.114067 -0.321443
vn 0.940034 0.114067 -0.321442
vn 0.302812 0.552774 -0.776367
vn 0.302812 0.552774 -0.776367
vn 0.302812 0.552774 -0.776367
vn 0.468922 -0.763421 -0.444185
vn 0.468922 -0.763421 -0.444185
vn 0.468922 -0.763421 -0.444185
vn 0.987021 -0.073961 -0.142544
vn 0.987021 -0.073961 -0.142544
vn 0.987021 -0.073961 -0.142544
vn 0.979286 -0.168011 -0.113012
vn 0.979286 -0.168011 -0.113012
vn 0.979286 -0.168011 -0.113012
vn 0.972116 -0.101403 -0.211443
vn 0.972116 -0.101403 -0.211443
vn 0.972116 -0.101403 -0.211443
vn 0.228839 0.127890 -0.965027
vn 0.228839 0.127890 -0.965027
vn 0.228839 0.127890 -0.965027
vn 0.234089 -0.818447 0.524735
vn 0.234089 -0.818447 0.524735
vn 0.234089 -0.818447 0.524735
vn 0.313586 -0.860850 -0.400751
vn 0.313586 -0.860850 -0.400751
vn 0.313586 -0.860850 -0.400751
vn 0.234091 -0.818448 0.524732
vn 0.234091 -0.818448 0.524732
vn 0.234091 -0.818448 0.524732
vn 0.472015 0.833792 -0.286344
vn 0.472015 0.833792 -0.286344
vn 0.472015 0.833792 -0.286344
vn 0.892331 -0.055559 -0.447950
vn 0.892331 -0.055559 -0.447950
vn 0.892331 -0.055559 -0.447950
vn 0.237524 -0.633198 0.736643
vn 0.237524 -0.633198 0.736643
vn 0.237524 -0.633198 0.736643
vn 0.116345 0.550559 -0.826649
vn 0.116345 0.550559 -0.826649
vn 0.116345 0.550559 -0.826649
vn 0.216102 -0.090451 -0.972172
vn 0.216102 -0.090451 -0.972172
vn 0.216102 -0.090451 -0.972172
vn -0.458931 -0.143245 -0.876849
vn -0.458931 -0.143245 -0.876849
vn -0.458931 -0.143245 -0.876849
vn 0.173254 0.602087 -0.779407
vn 0.173254 0.602087 -0.779407
vn 0.173254 0.602087 -0.779407
vn 0.857556 0.022267 -0.513909
vn 0.857556 0.022267 -0.513909
vn 0.857556 0.022267 -0.513909
vn 0.576134 -0.020343 -0.817102
vn 0.576134 -0.020343 -0.817102
vn 0.576134 -0.020343 -0.817102
vn 0.167881 0.126093 -0.977710
vn 0.167881 0.126093 -0.977710
vn 0.167881 0.126093 -0.977710
vn 0.165447 -0.265097 -0.949922
vn 0.165446 -0.265097 -0.949922
vn 0.165446 -0.265097 -0.949922
vn 0.578814 -0.060650 -0.813201
vn 0.578814 -0.060650 -0.813201
vn 0.578814 -0.060650 -0.813201
vn 0.468000 0.089911 -0.879143
vn 0.468000 0.089911 -0.879143
vn 0.468000 0.089911 -0.879143
vn 0.185043 0.109546 -0.976606
vn 0.185043 0.109546 -0.976606
vn 0.185043 0.109546 -0.976606
vn 0.168235 0.975696 -0.140408
vn 0.168235 0.975696 -0.140408
vn 0.168235 0.975696 -0.140408
vn 0.500397 0.540337 0.676490
vn 0.500397 0.540337 0.676490
vn 0.500397 0.540337 0.676490
vn 0.854421 0.471449 0.218404
vn 0.854421 0.471449 0.218404
vn 0.854421 0.471449 0.218404
vn 0.442635 0.549801 -0.708373
vn 0.442635 0.549801 -0.708373
vn 0.442635 0.549802 -0.708373
vn 0.591359 -0.014499 -0.806278
vn 0.591359 -0.014499 -0.806278
vn 0.591359 -0.014499 -0.806278
vn 0.969963 -0.042432 -0.239525
vn 0.969963 -0.042432 -0.239525
vn 0.969963 -0.042432 -0.239525
vn 0.937621 -0.110775 -0.329538
vn 0.937621 -0.110775 -0.329538
vn 0.937621 -0.110775 -0.329538
vn 0.996569 -0.081408 -0.014941
vn 0.996569 -0.081408 -0.014941
vn 0.996569 -0.081408 -0.014941
vn 0.996611 -0.079646 -0.020562
vn 0.996611 -0.079646 -0.020562
vn 0.996611 -0.079646 -0.020562
vn 0.986796 0.131896 -0.094000
vn 0.986797 0.131896 -0.094000
vn 0.986797 0.131896 -0.094000
vn 0.995299 0.042356 -0.087099
vn 0.995299 0.042356 -0.087099
vn 0.995299 0.042356 -0.087099
vn 0.918804 0.184791 -0.348785
vn 0.918804 0.184791 -0.348785
vn 0.918804 0.184791 -0.348785
vn 0.924934 0.158568 -0.345475
vn 0.924934 0.158568 -0.345475
vn 0.924934 0.158568 -0.345475
vn 0.032338 0.226370 -0.973504
vn 0.032338 0.226370 -0.973504
vn 0.032338 0.226370 -0.973504
vn 0.749864 -0.124806 -0.649714
vn 0.749864 -0.124806 -0.649714
vn 0.749864 -0.124806 -0.649714
vn 0.999286 -0.021321 -0.031207
vn 0.999286 -0.021321 -0.031207
vn 0.999286 -0.021321 -0.031207
vn 0.999562 -0.026202 -0.013750
vn 0.999562 -0.026202 -0.013750
vn 0.999562 -0.026202 -0.013750
vn 0.547671 0.752504 0.365780
vn 0.547671 0.752504 0.365780
vn 0.547671 0.752504 0.365780
vn 0.290183 0.918853 0.267401
vn 0.290183 0.918853 0.267401
vn 0.290183 0.918853 0.267401
vn 0.980444 0.195265 0.024514
vn 0.980444 0.195265 0.024514
vn 0.980444 0.195265 0.024514
vn 0.979661 0.196925 0.038526
vn 0.979661 0.196925 0.038526
vn 0.979661 0.196925 0.038526
vn -0.455671 0.775497 -0.436999
vn -0.455671 0.775497 -0.436999
vn -0.455671 0.775497 -0.436999
vn -0.507368 0.759644 0.406840
vn -0.507368 0.759644 0.406840
vn -0.507368 0.759644 0.406840
vn -0.608698 0.078009 0.789557
vn -0.608698 0.078009 0.789557
vn -0.608698 0.078009 0.789557
vn -0.658256 0.713554 -0.239876
vn -0.658256 0.713554 -0.239876
vn -0.658256 0.713554 -0.239876
vn 0.245152 0.441773 -0.862982
vn 0.245152 0.441773 -0.862982
vn 0.245152 0.441773 -0.862982
vn 0.912348 -0.380173 -0.151952
vn 0.912348 -0.380173 -0.151952
vn 0.912348 -0.380173 -0.151952
vn 0.619580 -0.128154 -0.774402
vn 0.619580 -0.128154 -0.774401
vn 0.619580 -0.128154 -0.774402
vn 0.801553 -0.027340 -0.597299
vn 0.801553 -0.027340 -0.597299
vn 0.801553 -0.027340 -0.597299
vn 0.568386 -0.482005 -0.666790
vn 0.568386 -0.482005 -0.666790
vn 0.568386 -0.482005 -0.666790
vn 0.000000 -0.352864 -0.935675
vn 0.000000 -0.352864 -0.935675
vn 0.000000 -0.352864 -0.935675
vn 0.000000 -0.352864 -0.935675
vn 0.000000 -0.352864 -0.935675
vn 0.000000 -0.352864 -0.935675
vn 0.000000 -0.995928 0.090159
vn 0.000000 -0.995928 0.090159
vn 0.000000 -0.995927 0.090159
vn -0.202163 0.320381 0.925466
vn -0.202163 0.320381 0.925465
vn -0.202163 0.320381 0.925465
vn 0.202242 0.320373 0.925451
vn 0.202242 0.320373 0.925451
vn 0.202242 0.320373 0.925451
vn 0.532241 0.389261 0.751795
vn 0.532242 0.389261 0.751795
vn 0.532242 0.389261 0.751795
vn 0.746974 -0.664204 0.029369
vn 0.746974 -0.664204 0.029369
vn 0.746974 -0.664204 0.029369
vn 0.000000 -0.995927 0.090159
vn 0.000000 -0.995927 0.090159
vn 0.000000 -0.995928 0.090159
vn 0.529542 -0.848278 -0.003283
vn 0.529542 -0.848278 -0.003283
vn 0.529542 -0.848278 -0.003283
vn 0.952812 -0.280488 -0.116090
vn 0.952812 -0.280488 -0.116090
vn 0.952812 -0.280487 -0.116090
vn 0.968520 -0.203276 -0.143694
vn 0.968520 -0.203276 -0.143694
vn 0.968520 -0.203276 -0.143694
vn 0.931130 -0.023273 -0.363943
vn 0.931130 -0.023273 -0.363943
vn 0.931130 -0.023273 -0.363943
vn 0.934658 -0.097711 -0.341857
vn 0.934658 -0.097711 -0.341857
vn 0.934658 -0.097711 -0.341857
vn 0.460957 0.100481 -0.881716
vn 0.460957 0.100481 -0.881716
vn 0.460957 0.100481 -0.881716
vn 0.969192 -0.200872 -0.142540
vn 0.969192 -0.200872 -0.142540
vn 0.969192 -0.200872 -0.142540
vn 0.240193 -0.838256 0.489525
vn 0.240193 -0.838256 0.489525
vn 0.240193 -0.838256 0.489525
vn 0.107307 -0.791839 0.601229
vn 0.107307 -0.791839 0.601229
vn 0.107307 -0.791839 0.601229
vn 0.951437 -0.183353 -0.247286
vn 0.951437 -0.183353 -0.247286
vn 0.951437 -0.183353 -0.247286
vn -0.824545 -0.522395 -0.217320
vn -0.824545 -0.522395 -0.217320
vn -0.824545 -0.522395 -0.217320
vn 0.986785 0.162023 0.002228
vn 0.986785 0.162023 0.002228
vn 0.986785 0.162023 0.002228
vn 0.173678 -0.489398 0.854591
vn 0.173678 -0.489398 0.854591
vn 0.173678 -0.489398 0.854591
vn -0.323472 -0.939881 0.109500
vn -0.323472 -0.939881 0.109500
vn -0.323472 -0.939881 0.109500
vn 0.986373 0.092919 0.135772
vn 0.986373 0.092919 0.135772
vn 0.986373 0.092919 0.135772
vn -0.663622 -0.019679 0.747809
vn -0.663622 -0.019679 0.747809
vn -0.663622 -0.019679 0.747809
vn 0.783604 -0.511839 0.352117
vn 0.783604 -0.511839 0.352117
vn 0.783604 -0.511839 0.352117
vn 0.312193 -0.932596 -0.181108
vn 0.312193 -0.932596 -0.181108
vn 0.312193 -0.932596 -0.181108
vn 0.766741 -0.527950 0.365209
vn 0.766741 -0.527950 0.365209
vn 0.766741 -0.527950 0.365209
vn -0.238561 -0.251332 -0.938041
vn -0.238561 -0.251332 -0.938041
vn -0.238561 -0.251332 -0.938041
vn 0.877984 -0.309359 0.365296
vn 0.877984 -0.309359 0.365296
vn 0.877984 -0.309359 0.365296
vn -0.107264 -0.791843 0.601232
vn -0.107264 -0.791843 0.601232
vn -0.107264 -0.791843 0.601232
vn 0.000000 -0.819729 0.572751
vn 0.000000 -0.819729 0.572751
vn 0.000000 -0.819729 0.572751
vn 0.000000 -0.180440 -0.983586
vn 0.000000 -0.180440 -0.983586
vn 0.000000 -0.180440 -0.983586
vn 0.640290 -0.569659 0.515283
vn 0.640290 -0.569659 0.515283
vn 0.640290 -0.569659 0.515283
vn 0.000000 -0.960504 0.278267
vn 0.000000 -0.960504 0.278267
vn 0.000000 -0.960504 0.278267
vn -0.640145 -0.569744 0.515371
vn -0.640145 -0.569744 0.515371
vn -0.640145 -0.569744 0.515371
vn -0.171558 -0.254838 -0.951644
vn -0.171558 -0.254838 -0.951644
vn -0.171558 -0.254838 -0.951643
vn -0.187604 -0.275060 -0.942946
vn -0.187604 -0.275060 -0.942946
vn -0.187604 -0.275060 -0.942946
vn 0.651214 0.391387 -0.650182
vn 0.651214 0.391387 -0.650182
vn 0.651214 0.391387 -0.650182
vn 0.269954 -0.138796 -0.952817
vn 0.269954 -0.138796 -0.952817
vn 0.269954 -0.138796 -0.952817
vn -0.090424 0.403919 -0.910315
vn -0.090424 0.403919 -0.910315
vn -0.090424 0.403919 -0.910315
vn 0.049309 -0.618902 -0.783919
vn 0.049309 -0.618903 -0.783919
vn 0.049309 -0.618903 -0.783919
vn 0.229148 -0.541560 -0.808829
vn 0.229148 -0.541560 -0.808829
vn 0.229148 -0.541560 -0.808829
vn 0.000000 0.196826 -0.980439
vn 0.000000 0.196826 -0.980438
vn 0.000000 0.196826 -0.980438
vn 0.090461 0.403918 -0.910312
vn 0.090461 0.403918 -0.910312
vn 0.090461 0.403918 -0.910312
vn -0.849446 0.361379 -0.384508
vn -0.849446 0.361379 -0.384508
vn -0.849446 0.361379 -0.384508
vn 0.399636 0.844712 -0.356024
vn 0.399636 0.844712 -0.356024
vn 0.399636 0.844712 -0.356024
vn 0.371076 0.864185 -0.339834
vn 0.371076 0.864185 -0.339834
vn 0.371076 0.864185 -0.339834
vn -0.049289 -0.618903 -0.783920
vn -0.049289 -0.618903 -0.783920
vn -0.049289 -0.618903 -0.783920
vn -0.020123 -0.452588 -0.891493
vn -0.020123 -0.452588 -0.891493
vn -0.020123 -0.452588 -0.891493
vn 0.020131 -0.452588 -0.891492
vn 0.020131 -0.452588 -0.891493
vn 0.020131 -0.452588 -0.891493
vn 0.111672 0.850384 -0.514175
vn 0.111672 0.850384 -0.514175
vn 0.111672 0.850384 -0.514175
vn 0.091683 0.886565 -0.453428
vn 0.091683 0.886565 -0.453428
vn 0.091683 0.886565 -0.453428
vn -0.111627 0.850397 -0.514163
vn -0.111627 0.850397 -0.514163
vn -0.111627 0.850397 -0.514163
vn -0.852516 -0.476549 -0.214749
vn -0.852516 -0.476549 -0.214749
vn -0.852516 -0.476549 -0.214749
vn 0.569861 0.189697 -0.799546
vn 0.569861 0.189697 -0.799546
vn 0.569861 0.189697 -0.799546
vn -0.532833 -0.705305 -0.467583
vn -0.532834 -0.705305 -0.467583
vn -0.532833 -0.705305 -0.467583
vn -0.763211 0.215088 -0.609300
vn -0.763211 0.215088 -0.609300
vn -0.763211 0.215088 -0.609300
vn 0.539691 0.093445 -0.836661
vn 0.539691 0.093445 -0.836661
vn 0.539691 0.093445 -0.836661
vn 0.464685 0.002300 -0.885473
vn 0.464685 0.002300 -0.885473
vn 0.464685 0.002300 -0.885473
vn -0.012857 0.101290 -0.994774
vn -0.012857 0.101290 -0.994774
vn -0.012857 0.101290 -0.994774
vn 0.185208 -0.136767 -0.973136
vn 0.185208 -0.136767 -0.973136
vn 0.185208 -0.136767 -0.973136
vn -0.840985 -0.217145 -0.495573
vn -0.840985 -0.217145 -0.495573
vn -0.840985 -0.217145 -0.495573
vn 0.130385 0.853457 -0.504590
vn 0.130385 0.853457 -0.504590
vn 0.130385 0.853457 -0.504590
vn -0.130339 0.853462 -0.504594
vn -0.130339 0.853462 -0.504594
vn -0.130339 0.853462 -0.504594
vn -0.091650 0.886568 -0.453429
vn -0.091650 0.886568 -0.453429
vn -0.091650 0.886568 -0.453429
vn 0.017890 0.055371 -0.998306
vn 0.017890 0.055371 -0.998306
vn 0.017890 0.055371 -0.998306
vn 0.165361 -0.138041 -0.976525
vn 0.165361 -0.138041 -0.976525
vn 0.165361 -0.138041 -0.976525
vn -0.019338 0.055086 -0.998294
vn -0.019338 0.055086 -0.998294
vn -0.019338 0.055086 -0.998294
vn -0.165248 -0.138813 -0.976434
vn -0.165248 -0.138813 -0.976434
vn -0.165248 -0.138813 -0.976434
vn 0.028999 0.177095 -0.983766
vn 0.028999 0.177095 -0.983766
vn 0.028999 0.177095 -0.983766
vn 0.160134 0.044020 -0.986113
vn 0.160134 0.044020 -0.986113
vn 0.160134 0.044020 -0.986113
vn 0.154410 -0.918188 -0.364813
vn 0.154410 -0.918188 -0.364813
vn 0.154410 -0.918188 -0.364813
vn 0.048972 0.984370 -0.169165
vn 0.048972 0.984370 -0.169165
vn 0.048972 0.984370 -0.169165
vn -0.070717 0.990019 -0.121910
vn -0.070717 0.990019 -0.121910
vn -0.070717 0.990019 -0.121910
vn -0.049330 0.984568 -0.167905
vn -0.049330 0.984568 -0.167905
vn -0.049330 0.984568 -0.167905
vn -0.684485 -0.237127 -0.689385
vn -0.684485 -0.237127 -0.689385
vn -0.684485 -0.237127 -0.689385
vn -0.814069 -0.195209 -0.546978
vn -0.814069 -0.195210 -0.546978
vn -0.814069 -0.195209 -0.546978
vn -0.013381 -0.975313 -0.220421
vn -0.013381 -0.975313 -0.220421
vn -0.013381 -0.975313 -0.220421
vn -0.064922 -0.963930 -0.258115
vn -0.064922 -0.963930 -0.258115
vn -0.064922 -0.963930 -0.258115
vn 0.141329 0.981405 -0.129890
vn 0.141329 0.981405 -0.129890
vn 0.141329 0.981405 -0.129890
vn 0.050466 0.998549 -0.018819
vn 0.050466 0.998549 -0.018819
vn 0.050466 0.998549 -0.018819
vn -0.004043 0.996437 -0.084246
vn -0.004043 0.996437 -0.084246
vn -0.004043 0.996437 -0.084246
vn 0.218699 0.337978 -0.915392
vn 0.218699 0.337978 -0.915392
vn 0.218699 0.337978 -0.915392
vn 0.056921 -0.984173 -0.167822
vn 0.056921 -0.984173 -0.167822
vn 0.056921 -0.984173 -0.167822
vn 0.011298 -0.945280 -0.326064
vn 0.011298 -0.945280 -0.326064
vn 0.011298 -0.945280 -0.326064
vn -0.056897 -0.984174 -0.167821
vn -0.056897 -0.984174 -0.167821
vn -0.056897 -0.984174 -0.167821
vn -0.011294 -0.945281 -0.326063
vn -0.011294 -0.945280 -0.326063
vn -0.011294 -0.945281 -0.326063
vn 0.070908 0.989902 -0.122742
vn 0.070908 0.989902 -0.122742
vn 0.070908 0.989902 -0.122742
vn 0.219127 0.240783 -0.945519
vn 0.219127 0.240783 -0.945519
vn 0.219127 0.240783 -0.945519
vn -0.219042 0.240788 -0.945538
vn -0.219042 0.240788 -0.945538
vn -0.219042 0.240788 -0.945538
vn 0.201625 0.255243 -0.945621
vn 0.201625 0.255243 -0.945621
vn 0.201625 0.255243 -0.945621
vn 0.201454 0.170000 -0.964633
vn 0.201454 0.170000 -0.964633
vn 0.201454 0.170000 -0.964633
vn -0.201374 0.170003 -0.964649
vn -0.201374 0.170003 -0.964649
vn -0.201374 0.170003 -0.964649
vn 0.000000 0.529105 -0.848556
vn 0.000000 0.529105 -0.848557
vn 0.000000 0.529105 -0.848556
vn 0.827649 0.247013 -0.503966
vn 0.827649 0.247013 -0.503966
vn 0.827649 0.247013 -0.503966
vn 0.157580 0.585142 -0.795473
vn 0.157580 0.585142 -0.795473
vn 0.157580 0.585142 -0.795473
vn 0.151716 0.155057 -0.976186
vn 0.151716 0.155057 -0.976186
vn 0.151716 0.155057 -0.976186
vn 0.172564 0.576615 -0.798584
vn 0.172564 0.576615 -0.798584
vn 0.172564 0.576615 -0.798584
vn 0.000000 0.529105 -0.848557
vn 0.000000 0.529105 -0.848557
vn 0.000000 0.529105 -0.848557
vn 0.000000 0.614050 -0.789267
vn 0.000000 0.614050 -0.789267
vn 0.000000 0.614050 -0.789268
vn 0.655158 0.599085 -0.460288
vn 0.655158 0.599085 -0.460288
vn 0.655158 0.599085 -0.460288
vn 0.800149 0.389952 -0.455741
vn 0.800149 0.389952 -0.455741
vn 0.800149 0.389952 -0.455741
vn 0.000000 0.614048 -0.789269
vn 0.000000 0.614048 -0.789269
vn 0.000000 0.614048 -0.789269
vn -0.268960 0.084932 -0.959399
vn -0.268960 0.084932 -0.959399
vn -0.268960 0.084932 -0.959399
vn -0.237836 0.044994 -0.970263
vn -0.237836 0.044994 -0.970263
vn -0.237836 0.044994 -0.970263
vn 0.237924 0.044983 -0.970242
vn 0.237924 0.044983 -0.970242
vn 0.237924 0.044983 -0.970242
vn 0.269067 0.084929 -0.959370
vn 0.269067 0.084929 -0.959370
vn 0.269067 0.084929 -0.959370
vn -0.491275 -0.810561 -0.318809
vn -0.491275 -0.810561 -0.318809
vn -0.491275 -0.810561 -0.318809
vn 0.144249 -0.789457 -0.596615
vn 0.144249 -0.789457 -0.596615
vn 0.144249 -0.789457 -0.596615
vn 0.181068 -0.812051 -0.554786
vn 0.181068 -0.812051 -0.554786
vn 0.181068 -0.812051 -0.554786
vn 0.120333 -0.660316 -0.741285
vn 0.120333 -0.660316 -0.741285
vn 0.120333 -0.660316 -0.741285
vn 0.000000 0.547022 -0.837118
vn 0.000000 0.547022 -0.837118
vn 0.000000 0.547022 -0.837118
vn -0.175229 -0.168794 -0.969950
vn -0.175229 -0.168794 -0.969950
vn -0.175229 -0.168794 -0.969950
vn -0.161201 -0.141589 -0.976712
vn -0.161201 -0.141589 -0.976712
vn -0.161201 -0.141589 -0.976712
vn 0.419204 0.509445 -0.751488
vn 0.419204 0.509445 -0.751488
vn 0.419204 0.509445 -0.751488
vn 0.377990 0.499119 -0.779746
vn 0.377990 0.499119 -0.779746
vn 0.377990 0.499119 -0.779746
vn 0.636304 0.499664 -0.587753
vn 0.636304 0.499664 -0.587753
vn 0.636304 0.499664 -0.587753
vn 0.711858 0.050322 -0.700518
vn 0.711858 0.050322 -0.700518
vn 0.711858 0.050322 -0.700518
vn 0.000000 0.547023 -0.837118
vn 0.000000 0.547023 -0.837118
vn 0.000000 0.547023 -0.837118
vn -0.180998 -0.812070 -0.554782
vn -0.180998 -0.812070 -0.554782
vn -0.180998 -0.812070 -0.554782
vn -0.120283 -0.660321 -0.741288
vn -0.120283 -0.660321 -0.741288
vn -0.120283 -0.660321 -0.741288
vn -0.010023 0.556672 -0.830672
vn -0.010023 0.556672 -0.830672
vn -0.010023 0.556672 -0.830672
vn 0.175989 -0.726644 -0.664090
vn 0.175989 -0.726644 -0.664090
vn 0.175989 -0.726644 -0.664090
vn 0.003187 0.554887 -0.831920
vn 0.003187 0.554887 -0.831920
vn 0.003187 0.554887 -0.831920
vn 0.003370 0.596024 -0.802960
vn 0.003370 0.596024 -0.802960
vn 0.003370 0.596024 -0.802960
vn 0.010027 0.556673 -0.830671
vn 0.010027 0.556673 -0.830671
vn 0.010027 0.556673 -0.830671
vn -0.000781 0.563263 -0.826278
vn -0.000781 0.563263 -0.826278
vn -0.000781 0.563263 -0.826278
vn -0.773988 -0.621342 -0.121973
vn -0.773988 -0.621342 -0.121973
vn -0.773988 -0.621342 -0.121973
vn 0.471988 -0.380651 -0.795193
vn 0.471988 -0.380651 -0.795193
vn 0.471988 -0.380651 -0.795193
vn -0.026914 0.559394 -0.828465
vn -0.026914 0.559394 -0.828465
vn -0.026914 0.559394 -0.828465
vn -0.549743 -0.775185 -0.311240
vn -0.549743 -0.775185 -0.311240
vn -0.549743 -0.775185 -0.311240
vn 0.000781 0.563263 -0.826278
vn 0.000781 0.563263 -0.826278
vn 0.000781 0.563263 -0.826278
vn 0.026919 0.559394 -0.828465
vn 0.026919 0.559394 -0.828465
vn 0.026919 0.559394 -0.828465
vn 0.549826 -0.775108 -0.311285
vn 0.549826 -0.775108 -0.311285
vn 0.549826 -0.775108 -0.311285
vn -0.000001 -0.780117 -0.625634
vn -0.000001 -0.780117 -0.625634
vn -0.000001 -0.780117 -0.625634
vn 0.000000 -0.448308 -0.893879
vn 0.000000 -0.448308 -0.893879
vn 0.000000 -0.448308 -0.893879
vn 0.000000 -0.448307 -0.893880
vn 0.000000 -0.448307 -0.893880
vn 0.000000 -0.448307 -0.893880
vn 0.250426 -0.533671 -0.807764
vn 0.250426 -0.533671 -0.807764
vn 0.250426 -0.533671 -0.807763
vn 0.005551 -0.999711 0.023386
vn 0.005551 -0.999711 0.023386
vn 0.005551 -0.999711 0.023386
vn 0.804305 -0.571640 -0.162238
vn 0.804305 -0.571640 -0.162238
vn 0.804305 -0.571640 -0.162238
vn -0.439130 -0.801218 -0.406466
vn -0.439130 -0.801218 -0.406466
vn -0.439130 -0.801218 -0.406466
vn -0.353057 -0.739676 -0.572914
vn -0.353057 -0.739676 -0.572914
vn -0.353057 -0.739676 -0.572914
vn 0.018317 -0.911796 -0.410235
vn 0.018317 -0.911796 -0.410235
vn 0.018317 -0.911796 -0.410235
vn 0.015490 -0.916230 -0.400353
vn 0.015490 -0.916230 -0.400353
vn 0.015490 -0.916230 -0.400353
vn -0.249828 0.889756 -0.381995
vn -0.249828 0.889756 -0.381995
vn -0.249828 0.889756 -0.381995
vn -0.286887 0.901086 -0.325176
vn -0.286887 0.901086 -0.325176
vn -0.286887 0.901086 -0.325176
vn 0.684647 0.407810 -0.604111
vn 0.684647 0.407810 -0.604111
vn 0.684647 0.407810 -0.604111
vn 0.638334 0.379290 -0.669827
vn 0.638334 0.379290 -0.669827
vn 0.638334 0.379290 -0.669827
vn 0.665799 0.236770 -0.707567
vn 0.665799 0.236770 -0.707567
vn 0.665799 0.236770 -0.707567
vn 0.637869 0.274657 -0.719505
vn 0.637869 0.274657 -0.719505
vn 0.637869 0.274657 -0.719505
vn 0.268242 0.503983 -0.821004
vn 0.268242 0.503983 -0.821004
vn 0.268242 0.503983 -0.821004
vn -0.102476 0.056134 -0.993150
vn -0.102476 0.056134 -0.993150
vn -0.102476 0.056134 -0.993151
vn 0.362599 0.647547 -0.670227
vn 0.362599 0.647547 -0.670227
vn 0.362599 0.647547 -0.670227
vn 0.712514 0.486807 -0.505315
vn 0.712514 0.486807 -0.505315
vn 0.712514 0.486807 -0.505315
vn 0.797014 0.603523 0.023004
vn 0.797014 0.603523 0.023004
vn 0.797014 0.603523 0.023004
vn 0.941606 0.216849 -0.257594
vn 0.941606 0.216849 -0.257594
vn 0.941606 0.216849 -0.257594
vn 0.181971 0.539360 -0.822178
vn 0.181971 0.539360 -0.822178
vn 0.181971 0.539360 -0.822178
vn 0.793059 0.248066 -0.556346
vn 0.793059 0.248066 -0.556346
vn 0.793059 0.248066 -0.556346
vn 0.977894 0.205809 -0.036959
vn 0.977894 0.205809 -0.036959
vn 0.977894 0.205809 -0.036959
vn 0.024305 0.715899 -0.697781
vn 0.024305 0.715899 -0.697781
vn 0.024305 0.715899 -0.697781
vn 0.051914 0.763185 -0.644091
vn 0.051914 0.763185 -0.644091
vn 0.051914 0.763185 -0.644091
vn 0.258178 -0.287845 -0.922220
vn 0.258178 -0.287845 -0.922220
vn 0.258178 -0.287845 -0.922220
vn -0.169755 0.689108 -0.704495
vn -0.169755 0.689108 -0.704495
vn -0.169755 0.689108 -0.704495
vn -0.031214 0.519011 -0.854198
vn -0.031214 0.519011 -0.854198
vn -0.031214 0.519011 -0.854198
vn 0.599211 -0.071078 -0.797429
vn 0.599211 -0.071078 -0.797429
vn 0.599212 -0.071078 -0.797429
vn 0.172358 -0.070061 -0.982540
vn 0.172358 -0.070061 -0.982540
vn 0.172358 -0.070061 -0.982540
vn 0.924595 -0.123579 -0.360350
vn 0.924595 -0.123579 -0.360350
vn 0.924595 -0.123579 -0.360350
vn 0.970864 0.098251 -0.218561
vn 0.970864 0.098251 -0.218561
vn 0.970864 0.098251 -0.218561
vn 0.969500 0.144438 -0.198009
vn 0.969500 0.144438 -0.198009
vn 0.969500 0.144438 -0.198009
vn 0.472841 -0.024473 -0.880808
vn 0.472841 -0.024473 -0.880808
vn 0.472841 -0.024473 -0.880808
vn 0.179200 -0.108300 -0.977834
vn 0.179200 -0.108300 -0.977834
vn 0.179200 -0.108300 -0.977834
vn 0.088753 -0.141162 -0.986000
vn 0.088753 -0.141162 -0.986000
vn 0.088753 -0.141162 -0.986000
vn -0.292624 0.956075 -0.017110
vn -0.292624 0.956075 -0.017110
vn -0.292624 0.956075 -0.017110
vn 0.000000 0.344677 -0.938721
vn 0.000000 0.344677 -0.938721
vn 0.000000 0.344677 -0.938721
vn -0.086864 0.473646 -0.876421
vn -0.086864 0.473646 -0.876421
vn -0.086864 0.473646 -0.876421
vn -0.085525 0.378607 -0.921598
vn -0.085525 0.378607 -0.921598
vn -0.085525 0.378607 -0.921598
vn 0.476445 0.474438 -0.740209
vn 0.476445 0.474438 -0.740209
vn 0.476445 0.474438 -0.740209
vn 0.086900 0.473646 -0.876418
vn 0.086900 0.473646 -0.876418
vn 0.086900 0.473646 -0.876417
vn 0.000000 0.529290 -0.848441
vn 0.000000 0.529290 -0.848441
vn 0.000000 0.529290 -0.848441
vn 0.000000 0.984113 -0.177542
vn 0.000000 0.984113 -0.177542
vn 0.000000 0.984113 -0.177542
vn 0.511003 0.488532 -0.707257
vn 0.511003 0.488532 -0.707257
vn 0.511003 0.488532 -0.707257
vn 0.492319 0.857687 -0.148310
vn 0.492319 0.857687 -0.148310
vn 0.492319 0.857687 -0.148310
vn 0.292741 0.956039 -0.017110
vn 0.292741 0.956039 -0.017110
vn 0.292741 0.956039 -0.017110
vn 0.085560 0.378606 -0.921595
vn 0.085560 0.378606 -0.921595
vn 0.085560 0.378606 -0.921595
vn 0.178491 0.449603 -0.875213
vn 0.178491 0.449603 -0.875213
vn 0.178491 0.449603 -0.875213
s off
f 145/225/565 146/222/566 144/227/567
f 147/223/568 146/222/569 145/225/570
f 148/221/571 146/222/572 147/223/573
f 149/224/574 146/222/575 148/221/576
f 150/226/577 146/222/578 149/224/579
f 144/227/580 146/222/581 150/226/582
f 141/545/583 148/544/584 140/542/585
f 140/542/586 148/544/587 147/543/588
f 149/229/589 148/230/590 143/231/591
f 143/231/592 148/230/593 141/232/594
f 138/235/595 150/233/596 143/231/597
f 143/231/598 150/233/599 149/229/600
f 194/253/601 196/255/602 197/251/603
f 196/238/604 194/239/605 193/240/606
f 187/243/607 188/244/608 193/245/609
f 188/242/610 195/241/611 193/240/612
f 193/240/613 195/241/614 196/238/615
f 194/248/616 191/250/617 190/249/618
f 197/251/619 191/252/620 194/253/621
f 192/373/622 195/377/623 188/376/624
f 196/260/625 195/261/626 192/262/627
f 191/252/628 197/251/629 192/254/630
f 192/262/631 197/263/632 196/260/633
f 191/252/634 192/254/635 183/256/636
f 189/264/637 190/265/638 181/266/639
f 190/249/640 189/247/641 194/248/642
f 193/245/643 189/247/644 187/243/645
f 189/247/646 193/245/647 194/248/648
f 181/258/649 190/259/650 191/252/651
f 185/268/652 187/269/653 189/264/654
f 180/267/655 189/264/656 181/266/657
f 180/267/658 185/268/659 189/264/660
f 186/271/661 188/272/662 167/273/663
f 187/243/664 167/246/665 188/244/666
f 167/270/667 187/269/668 185/268/669
f 135/274/670 138/275/671 136/276/672
f 136/234/673 138/235/674 143/231/675
f 199/294/676 177/289/677 198/283/678
f 151/278/679 135/274/680 136/276/681
f 151/278/682 125/287/683 163/282/684
f 177/289/685 125/287/686 151/278/687
f 198/283/688 177/289/689 151/278/690
f 175/319/691 176/299/692 152/313/693
f 125/287/694 177/289/695 176/299/696
f 161/306/697 152/313/698 176/299/699
f 176/299/700 177/289/701 161/306/702
f 192/373/703 184/374/704 183/375/705
f 184/374/706 192/373/707 188/376/708
f 188/378/709 186/379/710 184/380/711
f 183/256/712 182/257/713 191/252/714
f 191/252/715 182/257/716 181/258/717
f 184/380/718 169/382/719 173/383/720
f 173/383/721 183/384/722 184/380/723
f 173/383/724 174/386/725 182/385/726
f 182/385/727 183/384/728 173/383/729
f 172/387/730 171/390/731 180/389/732
f 180/389/733 181/388/734 172/387/735
f 170/391/736 185/392/737 180/389/738
f 180/389/739 171/390/740 170/391/741
f 167/394/742 170/395/743 166/396/744
f 167/393/745 185/392/746 170/391/747
f 182/385/748 174/386/749 172/387/750
f 172/387/751 181/388/752 182/385/753
f 123/397/754 111/402/755 122/398/756
f 123/397/757 122/398/758 105/399/759
f 166/400/760 164/401/761 123/551/762
f 164/401/763 111/403/764 123/551/765
f 166/420/766 170/421/767 171/422/768
f 164/423/769 171/422/770 172/424/771
f 164/437/772 172/438/773 174/435/774
f 171/422/775 164/423/776 166/420/777
f 175/319/778 155/314/779 176/299/780
f 125/415/781 110/417/782 114/416/783
f 176/299/784 110/307/785 125/287/786
f 176/299/787 155/314/788 110/307/789
f 155/314/790 119/320/791 110/307/792
f 122/406/793 113/408/794 106/427/795
f 122/406/796 111/426/797 113/408/798
f 114/416/799 110/417/800 108/418/801
f 108/418/802 110/417/803 119/419/804
f 114/416/805 116/414/806 125/415/807
f 163/413/808 125/415/809 116/414/810
f 169/382/811 184/380/812 168/381/813
f 168/381/814 184/380/815 186/379/816
f 186/428/817 167/429/818 168/430/819
f 168/412/820 163/413/821 116/414/822
f 113/431/823 112/432/824 118/433/825
f 118/555/826 106/427/827 113/408/828
f 165/405/829 112/410/830 113/425/831
f 169/441/832 168/442/833 165/439/834
f 165/405/835 113/425/836 111/403/837
f 165/434/838 174/435/839 173/436/840
f 165/439/841 173/440/842 169/441/843
f 111/403/844 164/401/845 165/405/846
f 174/435/847 165/434/848 164/437/849
f 116/454/850 114/456/851 115/455/852
f 115/443/853 165/439/854 168/442/855
f 114/456/856 108/457/857 115/455/858
f 112/444/859 165/445/860 115/446/861
f 168/453/862 116/454/863 115/455/864
f 118/448/865 112/444/866 97/447/867
f 97/447/868 112/444/869 115/446/870
f 153/302/871 177/289/872 199/294/873
f 177/289/874 153/302/875 161/306/876
f 107/337/877 175/319/878 156/325/879
f 152/313/880 156/325/881 175/319/882
f 155/314/883 175/319/884 107/337/885
f 157/462/886 152/463/887 161/464/888
f 156/471/889 152/472/890 157/473/891
f 157/473/892 159/474/893 156/471/894
f 156/325/895 100/360/896 107/337/897
f 100/360/898 156/325/899 159/461/900
f 100/478/901 159/479/902 204/480/903
f 161/464/904 153/468/905 158/466/906
f 201/492/907 158/494/908 160/491/909
f 160/470/910 158/466/911 153/468/912
f 161/464/913 162/465/914 157/462/915
f 162/481/916 205/482/917 157/483/918
f 157/483/919 205/482/920 159/484/921
f 159/484/922 205/482/923 204/485/924
f 204/485/925 205/482/926 206/486/927
f 158/466/928 162/465/929 161/464/930
f 204/476/931 101/604/932 100/603/933
f 207/488/934 101/487/935 206/486/936
f 206/486/937 101/487/938 204/485/939
f 200/489/940 202/490/941 160/491/942
f 160/491/943 202/490/944 201/492/945
f 179/495/946 158/496/947 201/497/948
f 207/500/949 206/501/950 102/502/951
f 162/465/952 158/466/953 178/467/954
f 178/467/955 158/466/956 179/469/957
f 208/498/958 179/495/959 201/497/960
f 208/498/961 201/497/962 202/499/963
f 205/504/964 162/506/965 178/505/966
f 205/504/967 178/505/968 209/503/969
f 206/501/970 205/504/971 209/503/972
f 178/507/973 179/508/974 208/509/975
f 103/511/976 202/512/977 203/513/978
f 202/514/979 103/515/980 208/516/981
f 209/503/982 102/502/983 206/501/984
f 209/517/985 208/518/986 103/519/987
f 208/509/988 209/510/989 178/507/990
f 103/520/991 102/521/992 209/522/993
f 124/296/994 127/304/995 120/284/996
f 129/280/997 151/278/998 136/276/999
f 151/278/1000 129/280/1001 198/283/1002
f 136/276/1003 120/284/1004 129/280/1005
f 127/523/1006 130/524/1007 120/525/1008
f 120/525/1009 130/524/1010 129/526/1011
f 203/527/1012 202/490/1013 99/362/1014
f 99/362/1015 202/490/1016 200/489/1017
f 153/531/1018 154/532/1019 160/533/1020
f 154/311/1021 200/489/1022 160/491/1023
f 99/362/1024 200/489/1025 154/311/1026
f 99/362/1027 154/311/1028 98/355/1029
f 129/280/1030 126/288/1031 198/283/1032
f 198/283/1033 126/288/1034 199/294/1035
f 199/294/1036 126/288/1037 153/302/1038
f 154/311/1039 153/302/1040 126/288/1041
f 129/280/1042 130/301/1043 128/293/1044
f 128/293/1045 126/288/1046 129/280/1047
f 215/300/1048 212/309/1049 126/288/1050
f 154/311/1051 126/288/1052 212/309/1053
f 212/685/1054 213/686/1055 210/459/1056
f 98/355/1057 154/311/1058 212/309/1059
f 212/309/1060 210/556/1061 98/355/1062
f 215/535/1063 213/534/1064 212/537/1065
f 126/288/1066 128/293/1067 215/300/1068
f 98/355/1069 210/556/1070 211/321/1071
f 214/546/1072 211/547/1073 210/548/1074
f 215/300/1075 128/293/1076 214/308/1077
f 213/534/1078 215/535/1079 214/536/1080
f 214/536/1081 210/538/1082 213/534/1083
f 144/227/1084 139/228/1085 145/225/1086
f 145/539/1087 139/540/1088 142/541/1089
f 147/543/1090 145/539/1091 140/542/1092
f 140/542/1093 145/539/1094 142/541/1095
f 144/237/1096 150/233/1097 139/236/1098
f 139/236/1099 150/233/1100 138/235/1101
f 117/279/1102 134/281/1103 139/277/1104
f 139/277/1105 134/281/1106 142/286/1107
f 117/279/1108 139/277/1109 135/274/1110
f 135/274/1111 139/277/1112 138/275/1113
f 137/290/1114 136/276/1115 141/295/1116
f 141/232/1117 136/234/1118 143/231/1119
f 151/278/1120 117/279/1121 135/274/1122
f 163/282/1123 117/279/1124 151/278/1125
f 168/412/1126 117/411/1127 163/413/1128
f 117/411/1129 168/412/1130 167/409/1131
f 120/284/1132 136/276/1133 137/290/1134
f 137/290/1135 124/296/1136 120/284/1137
f 123/551/1138 109/404/1139 166/400/1140
f 134/281/1141 133/292/1142 142/286/1143
f 142/286/1144 133/292/1145 140/298/1146
f 216/291/1147 132/303/1148 133/292/1149
f 141/295/1150 140/298/1151 137/290/1152
f 137/290/1153 140/298/1154 133/292/1155
f 137/290/1156 133/292/1157 132/303/1158
f 134/281/1159 117/279/1160 131/285/1161
f 131/407/1162 117/411/1163 167/409/1164
f 166/400/1165 109/404/1166 131/407/1167
f 131/407/1168 167/409/1169 166/400/1170
f 132/303/1171 124/296/1172 137/290/1173
f 134/281/1174 131/285/1175 216/291/1176
f 133/292/1177 134/281/1178 216/291/1179
f 216/291/1180 131/285/1181 121/297/1182
f 104/318/1183 132/303/1184 121/297/1185
f 131/285/1186 109/305/1187 121/297/1188
f 121/549/1189 109/550/1190 123/397/1191
f 105/399/1192 121/549/1193 123/397/1194
f 124/296/1195 132/303/1196 104/318/1197
f 121/297/1198 132/303/1199 216/291/1200
f 254/561/1201 253/563/1202 255/560/1203
f 256/559/1204 254/561/1205 255/560/1206
f 257/558/1207 256/559/1208 255/560/1209
f 258/562/1210 257/558/1211 255/560/1212
f 259/564/1213 258/562/1214 255/560/1215
f 253/563/1216 259/564/1217 255/560/1218
f 250/477/1219 249/597/1220 257/552/1221
f 257/552/1222 249/597/1223 256/595/1224
f 250/569/1225 257/567/1226 252/566/1227
f 252/566/1228 257/567/1229 258/568/1230
f 247/571/1231 252/566/1232 259/570/1233
f 259/570/1234 252/566/1235 258/568/1236
f 303/606/1237 306/605/1238 305/608/1239
f 305/574/1240 302/575/1241 303/576/1242
f 296/579/1243 302/580/1244 297/581/1245
f 297/578/1246 302/575/1247 304/577/1248
f 302/575/1249 305/574/1250 304/577/1251
f 231/587/1252 105/399/1253 122/398/1254
f 106/427/1255 231/596/1256 122/406/1257
f 105/399/1258 123/397/1259 122/398/1260
f 303/584/1261 299/585/1262 300/586/1263
f 306/605/1264 303/606/1265 300/607/1266
f 301/628/1267 297/631/1268 304/632/1269
f 305/614/1270 301/615/1271 304/616/1272
f 300/607/1273 301/609/1274 306/605/1275
f 301/615/1276 305/614/1277 306/617/1278
f 300/607/1279 292/610/1280 301/609/1281
f 298/618/1282 290/619/1283 299/620/1284
f 299/585/1285 303/584/1286 298/582/1287
f 302/580/1288 296/579/1289 298/582/1290
f 298/582/1291 303/584/1292 302/580/1293
f 290/612/1294 300/607/1295 299/613/1296
f 294/622/1297 298/618/1298 296/623/1299
f 289/621/1300 290/619/1301 298/618/1302
f 289/621/1303 298/618/1304 294/622/1305
f 295/625/1306 276/626/1307 297/627/1308
f 296/579/1309 297/581/1310 276/583/1311
f 276/624/1312 294/622/1313 296/623/1314
f 252/349/1315 247/357/1316 245/333/1317
f 245/333/1318 247/357/1319 244/356/1320
f 308/339/1321 307/332/1322 286/348/1323
f 260/340/1324 245/333/1325 244/356/1326
f 260/340/1327 272/364/1328 234/353/1329
f 286/348/1330 260/340/1331 234/353/1332
f 307/332/1333 260/340/1334 286/348/1335
f 284/345/1336 261/359/1337 285/344/1338
f 234/353/1339 285/344/1340 286/348/1341
f 270/363/1342 285/344/1343 261/359/1344
f 285/344/1345 270/363/1346 286/348/1347
f 301/628/1348 292/629/1349 293/630/1350
f 293/630/1351 297/631/1352 301/628/1353
f 297/633/1354 293/634/1355 295/635/1356
f 292/610/1357 300/607/1358 291/611/1359
f 300/607/1360 290/612/1361 291/611/1362
f 293/634/1363 282/638/1364 278/637/1365
f 282/638/1366 293/634/1367 292/639/1368
f 282/638/1369 291/640/1370 283/641/1371
f 291/640/1372 282/638/1373 292/639/1374
f 281/642/1375 289/644/1376 280/645/1377
f 289/644/1378 281/642/1379 290/643/1380
f 279/646/1381 289/644/1382 294/647/1383
f 289/644/1384 279/646/1385 280/645/1386
f 276/649/1387 275/650/1388 279/651/1389
f 276/648/1390 279/646/1391 294/647/1392
f 291/640/1393 281/642/1394 283/641/1395
f 281/642/1396 291/640/1397 290/643/1398
f 232/590/1399 231/587/1400 220/592/1401
f 232/590/1402 105/399/1403 231/587/1404
f 275/652/1405 232/653/1406 273/654/1407
f 273/654/1408 232/653/1409 220/656/1410
f 275/671/1411 280/672/1412 279/673/1413
f 273/674/1414 281/675/1415 280/672/1416
f 273/696/1417 283/695/1418 281/697/1419
f 280/672/1420 275/671/1421 273/674/1422
f 284/345/1423 285/344/1424 264/331/1425
f 234/666/1426 223/667/1427 219/668/1428
f 285/344/1429 234/353/1430 219/336/1431
f 285/344/1432 219/336/1433 264/331/1434
f 264/331/1435 219/336/1436 228/326/1437
f 264/331/1438 228/326/1439 155/314/1440
f 155/314/1441 228/326/1442 119/320/1443
f 228/676/1444 108/677/1445 119/678/1446
f 122/406/1447 113/408/1448 106/427/1449
f 231/596/1450 106/427/1451 222/598/1452
f 231/596/1453 222/598/1454 220/600/1455
f 223/667/1456 217/669/1457 219/668/1458
f 108/677/1459 228/676/1460 217/679/1461
f 217/669/1462 228/670/1463 219/668/1464
f 223/667/1465 234/666/1466 225/665/1467
f 272/664/1468 225/665/1469 234/666/1470
f 278/637/1471 277/636/1472 293/634/1473
f 277/636/1474 295/635/1475 293/634/1476
f 295/687/1477 277/688/1478 276/689/1479
f 277/663/1480 225/665/1481 272/664/1482
f 222/690/1483 227/691/1484 221/692/1485
f 227/599/1486 222/598/1487 106/427/1488
f 274/658/1489 222/660/1490 221/662/1491
f 278/699/1492 274/698/1493 277/701/1494
f 274/658/1495 220/656/1496 222/660/1497
f 274/693/1498 282/694/1499 283/695/1500
f 274/698/1501 278/699/1502 282/700/1503
f 220/656/1504 274/658/1505 273/654/1506
f 283/695/1507 273/696/1508 274/693/1509
f 225/683/1510 224/681/1511 223/682/1512
f 224/702/1513 277/701/1514 274/698/1515
f 223/682/1516 224/681/1517 217/679/1518
f 221/450/1519 224/451/1520 274/452/1521
f 277/703/1522 224/704/1523 225/705/1524
f 118/555/1525 106/427/1526 113/408/1527
f 118/555/1528 227/599/1529 106/427/1530
f 97/447/1531 227/449/1532 118/448/1533
f 97/680/1534 217/679/1535 224/681/1536
f 97/680/1537 108/677/1538 217/679/1539
f 108/457/1540 97/458/1541 115/455/1542
f 224/451/1543 221/450/1544 97/447/1545
f 97/447/1546 221/450/1547 227/449/1548
f 262/347/1549 308/339/1550 286/348/1551
f 286/348/1552 270/363/1553 262/347/1554
f 107/337/1555 155/314/1556 175/319/1557
f 107/337/1558 265/354/1559 284/345/1560
f 261/359/1561 284/345/1562 265/354/1563
f 107/337/1564 264/331/1565 155/314/1566
f 264/331/1567 107/337/1568 284/345/1569
f 266/709/1570 270/710/1571 261/711/1572
f 265/718/1573 266/719/1574 261/720/1575
f 266/719/1576 265/718/1577 268/721/1578
f 156/325/1579 107/337/1580 175/319/1581
f 107/337/1582 156/325/1583 100/360/1584
f 265/354/1585 107/337/1586 100/360/1587
f 100/360/1588 268/366/1589 265/354/1590
f 100/725/1591 312/726/1592 268/727/1593
f 159/554/1594 100/360/1595 156/325/1596
f 270/710/1597 267/713/1598 262/714/1599
f 310/371/1600 269/368/1601 267/372/1602
f 269/716/1603 262/714/1604 267/713/1605
f 270/710/1606 266/709/1607 271/712/1608
f 268/732/1609 313/730/1610 266/729/1611
f 266/729/1612 313/730/1613 271/731/1614
f 268/732/1615 312/733/1616 313/730/1617
f 313/730/1618 312/733/1619 314/734/1620
f 267/713/1621 270/710/1622 271/712/1623
f 312/726/1624 100/725/1625 101/728/1626
f 100/594/1627 204/602/1628 101/588/1629
f 204/739/1630 100/740/1631 159/741/1632
f 315/736/1633 314/734/1634 101/735/1635
f 101/735/1636 314/734/1637 312/733/1638
f 315/736/1639 101/735/1640 316/737/1641
f 316/737/1642 101/735/1643 204/738/1644
f 310/371/1645 311/369/1646 269/368/1647
f 269/368/1648 311/369/1649 309/367/1650
f 288/742/1651 310/743/1652 267/744/1653
f 315/749/1654 102/750/1655 314/751/1656
f 316/752/1657 209/754/1658 102/750/1659
f 316/752/1660 102/750/1661 315/749/1662
f 288/717/1663 267/713/1664 287/715/1665
f 287/715/1666 267/713/1667 271/712/1668
f 317/745/1669 310/743/1670 288/742/1671
f 317/745/1672 311/746/1673 310/743/1674
f 313/755/1675 287/756/1676 271/757/1677
f 313/755/1678 318/753/1679 287/756/1680
f 314/751/1681 318/753/1682 313/755/1683
f 287/758/1684 317/759/1685 288/760/1686
f 103/747/1687 203/748/1688 311/746/1689
f 311/746/1690 317/745/1691 103/747/1692
f 103/764/1693 202/765/1694 203/766/1695
f 208/767/1696 202/768/1697 103/769/1698
f 318/753/1699 314/751/1700 102/750/1701
f 318/761/1702 103/762/1703 317/759/1704
f 103/770/1705 209/771/1706 208/772/1707
f 317/759/1708 287/758/1709 318/761/1710
f 103/762/1711 318/761/1712 102/763/1713
f 209/773/1714 103/774/1715 102/775/1716
f 233/312/1717 127/304/1718 124/296/1719
f 233/312/1720 229/323/1721 236/317/1722
f 238/322/1723 245/333/1724 260/340/1725
f 260/340/1726 307/332/1727 238/322/1728
f 245/333/1729 238/322/1730 229/323/1731
f 127/304/1732 233/312/1733 236/317/1734
f 127/304/1735 239/310/1736 130/301/1737
f 238/779/1738 239/777/1739 229/776/1740
f 229/776/1741 239/777/1742 236/778/1743
f 239/310/1744 127/304/1745 236/317/1746
f 203/780/1747 202/490/1748 99/362/1749
f 99/362/1750 202/490/1751 200/489/1752
f 309/367/1753 311/369/1754 99/362/1755
f 99/362/1756 311/369/1757 203/370/1758
f 262/553/1759 269/460/1760 263/723/1761
f 263/346/1762 269/368/1763 309/367/1764
f 99/362/1765 263/346/1766 309/367/1767
f 99/362/1768 98/355/1769 263/346/1770
f 239/310/1771 128/293/1772 130/301/1773
f 308/339/1774 235/328/1775 307/332/1776
f 307/332/1777 235/328/1778 238/322/1779
f 308/339/1780 262/347/1781 235/328/1782
f 263/346/1783 235/328/1784 262/347/1785
f 238/322/1786 237/316/1787 239/310/1788
f 237/316/1789 238/322/1790 235/328/1791
f 128/293/1792 239/310/1793 237/316/1794
f 200/489/1795 154/311/1796 99/362/1797
f 99/362/1798 154/311/1799 98/355/1800
f 212/309/1801 98/355/1802 154/311/1803
f 323/327/1804 235/328/1805 320/338/1806
f 263/346/1807 320/338/1808 235/328/1809
f 320/589/1810 319/781/1811 321/530/1812
f 98/355/1813 320/338/1814 263/346/1815
f 320/338/1816 98/355/1817 319/361/1818
f 323/475/1819 320/722/1820 321/684/1821
f 235/328/1822 323/327/1823 237/316/1824
f 211/321/1825 98/355/1826 210/556/1827
f 214/529/1828 211/528/1829 210/493/1830
f 98/355/1831 212/309/1832 210/556/1833
f 98/355/1834 211/321/1835 319/361/1836
f 322/557/1837 319/724/1838 211/708/1839
f 214/308/1840 322/315/1841 211/321/1842
f 214/308/1843 128/293/1844 322/315/1845
f 322/315/1846 128/293/1847 237/316/1848
f 323/327/1849 322/315/1850 237/316/1851
f 321/684/1852 322/557/1853 323/475/1854
f 322/557/1855 321/684/1856 319/724/1857
f 251/707/1858 248/706/1859 254/601/1860
f 254/561/1861 248/565/1862 253/563/1863
f 251/707/1864 254/601/1865 249/597/1866
f 249/597/1867 254/601/1868 256/595/1869
f 247/571/1870 259/570/1871 248/572/1872
f 248/572/1873 259/570/1874 253/573/1875
f 251/352/1876 243/351/1877 248/365/1878
f 248/365/1879 243/351/1880 226/358/1881
f 247/357/1882 248/365/1883 244/356/1884
f 244/356/1885 248/365/1886 226/358/1887
f 252/349/1888 245/333/1889 250/341/1890
f 250/341/1891 245/333/1892 246/329/1893
f 260/340/1894 244/356/1895 226/358/1896
f 272/364/1897 260/340/1898 226/358/1899
f 277/663/1900 272/664/1901 226/661/1902
f 226/661/1903 276/659/1904 277/663/1905
f 229/323/1906 246/329/1907 245/333/1908
f 246/329/1909 229/323/1910 233/312/1911
f 232/653/1912 275/652/1913 218/655/1914
f 249/343/1915 242/335/1916 251/352/1917
f 251/352/1918 242/335/1919 243/351/1920
f 324/334/1921 242/335/1922 241/324/1923
f 242/335/1924 249/343/1925 246/329/1926
f 246/329/1927 249/343/1928 250/341/1929
f 246/329/1930 241/324/1931 242/335/1932
f 243/351/1933 240/342/1934 226/358/1935
f 240/657/1936 276/659/1937 226/661/1938
f 275/652/1939 240/657/1940 218/655/1941
f 240/657/1942 275/652/1943 276/659/1944
f 241/324/1945 246/329/1946 233/312/1947
f 243/351/1948 324/334/1949 240/342/1950
f 242/335/1951 324/334/1952 243/351/1953
f 123/397/1954 105/399/1955 121/549/1956
f 104/318/1957 233/312/1958 124/296/1959
f 121/297/1960 104/318/1961 132/303/1962
f 104/318/1963 124/296/1964 132/303/1965
f 324/334/1966 230/330/1967 240/342/1968
f 104/318/1969 230/330/1970 241/324/1971
f 230/330/1972 104/318/1973 121/297/1974
f 105/399/1975 230/591/1976 121/549/1977
f 240/342/1978 230/330/1979 218/350/1980
f 230/591/1981 232/590/1982 218/593/1983
f 105/399/1984 232/590/1985 230/591/1986
f 233/312/1987 104/318/1988 241/324/1989
f 230/330/1990 324/334/1991 241/324/1992
